year,month,period_start,period_end,count,count_neg,count_pos,pct_positive,is_partial_month
2019,1,2019-01-01 00:00:01,2019-02-01 00:00:01,231,225,6,2.6,False
2019,2,2019-02-01 00:00:01,2019-03-01 00:00:01,364,342,22,6.04,False
2019,3,2019-03-01 00:00:01,2019-04-01 00:00:01,160,141,19,11.88,False
2019,3,2019-03-29 00:00:01,2019-04-29 00:00:01,73,63,10,13.7,False
2019,4,2019-04-29 00:00:01,2019-05-29 00:00:01,0,0,0,0.0,False
2019,5,2019-05-29 00:00:01,2019-06-29 00:00:01,0,0,0,0.0,False
2019,6,2019-06-29 00:00:01,2019-07-29 00:00:01,0,0,0,0.0,False
2019,7,2019-07-29 00:00:01,2019-08-29 00:00:01,0,0,0,0.0,False
2019,8,2019-08-29 00:00:01,2019-09-29 00:00:01,0,0,0,0.0,False
2019,9,2019-09-29 00:00:01,2019-10-29 00:00:01,0,0,0,0.0,False
2019,10,2019-10-29 00:00:01,2019-11-29 00:00:01,1,1,0,0.0,False
2019,11,2019-11-29 00:00:01,2019-12-29 00:00:01,68,63,5,7.35,False
2019,12,2019-12-29 00:00:01,2020-01-29 00:00:01,8,8,0,0.0,True
2020,1,2020-01-01 00:00:01,2020-02-01 00:00:01,137,129,8,5.84,False
2020,2,2020-02-01 00:00:01,2020-03-01 00:00:01,116,107,9,7.76,False
2020,3,2020-03-01 00:00:01,2020-04-01 00:00:01,131,124,7,5.34,False
2020,3,2020-03-30 00:00:01,2020-04-30 00:00:01,8,5,3,37.5,False
2020,4,2020-04-30 00:00:01,2020-05-30 00:00:01,8,6,2,25.0,False
2020,5,2020-05-30 00:00:01,2020-06-30 00:00:01,2,0,2,100.0,False
2020,6,2020-06-30 00:00:01,2020-07-30 00:00:01,0,0,0,0.0,False
2020,7,2020-07-30 00:00:01,2020-08-30 00:00:01,2,1,1,50.0,False
2020,8,2020-08-30 00:00:01,2020-09-30 00:00:01,0,0,0,0.0,False
2020,9,2020-09-30 00:00:01,2020-10-30 00:00:01,0,0,0,0.0,False
2020,10,2020-10-30 00:00:01,2020-11-30 00:00:01,32,28,4,12.5,False
2020,11,2020-11-30 00:00:01,2020-12-30 00:00:01,124,121,3,2.42,False
2020,12,2020-12-30 00:00:01,2021-01-30 00:00:01,3,3,0,0.0,True
2021,1,2021-01-01 00:00:01,2021-02-01 00:00:01,199,190,9,4.52,False
2021,2,2021-02-01 00:00:01,2021-03-01 00:00:01,526,514,12,2.28,False
2021,3,2021-03-01 00:00:01,2021-04-01 00:00:01,141,132,9,6.38,False
2021,3,2021-03-29 00:00:01,2021-04-29 00:00:01,181,167,14,7.73,False
2021,4,2021-04-29 00:00:01,2021-05-29 00:00:01,0,0,0,0.0,False
2021,5,2021-05-29 00:00:01,2021-06-29 00:00:01,14,12,2,14.29,False
2021,6,2021-06-29 00:00:01,2021-07-29 00:00:01,1,1,0,0.0,False
2021,7,2021-07-29 00:00:01,2021-08-29 00:00:01,1,1,0,0.0,False
2021,8,2021-08-29 00:00:01,2021-09-29 00:00:01,0,0,0,0.0,False
2021,9,2021-09-29 00:00:01,2021-10-29 00:00:01,0,0,0,0.0,False
2021,10,2021-10-29 00:00:01,2021-11-29 00:00:01,96,88,8,8.33,False
2021,11,2021-11-29 00:00:01,2021-12-29 00:00:01,183,171,12,6.56,False
2021,12,2021-12-29 00:00:01,2022-01-29 00:00:01,103,99,4,3.88,True
2022,1,2022-01-01 00:00:00,2022-02-01 00:00:00,213,202,11,5.16,False
2022,2,2022-02-01 00:00:00,2022-03-01 00:00:00,186,184,2,1.08,False
2022,3,2022-03-01 00:00:00,2022-04-01 00:00:00,350,321,29,8.29,False
2022,3,2022-03-29 00:00:00,2022-04-29 00:00:00,156,149,7,4.49,False
2022,4,2022-04-29 00:00:00,2022-05-29 00:00:00,88,72,16,18.18,False
2022,5,2022-05-29 00:00:00,2022-06-29 00:00:00,86,80,6,6.98,False
2022,6,2022-06-29 00:00:00,2022-07-29 00:00:00,1,0,1,100.0,False
2022,7,2022-07-29 00:00:00,2022-08-29 00:00:00,4,2,2,50.0,False
2022,8,2022-08-29 00:00:00,2022-09-29 00:00:00,0,0,0,0.0,False
2022,9,2022-09-29 00:00:00,2022-10-29 00:00:00,114,107,7,6.14,False
2022,10,2022-10-29 00:00:00,2022-11-29 00:00:00,404,391,13,3.22,False
2022,11,2022-11-29 00:00:00,2022-12-29 00:00:00,64,57,7,10.94,False
2022,12,2022-12-29 00:00:00,2023-01-29 00:00:00,52,51,1,1.92,True
2023,1,2023-01-01 00:00:00,2023-02-01 00:00:00,107,103,4,3.74,False
2023,2,2023-02-01 00:00:00,2023-03-01 00:00:00,418,390,28,6.7,False
2023,3,2023-03-01 00:00:00,2023-04-01 00:00:00,101,100,1,0.99,False
2023,3,2023-03-29 00:00:00,2023-04-29 00:00:00,118,114,4,3.39,False
2023,4,2023-04-29 00:00:00,2023-05-29 00:00:00,1,1,0,0.0,False
2023,5,2023-05-29 00:00:00,2023-06-29 00:00:00,0,0,0,0.0,False
2023,6,2023-06-29 00:00:00,2023-07-29 00:00:00,0,0,0,0.0,False
2023,7,2023-07-29 00:00:00,2023-08-29 00:00:00,0,0,0,0.0,False
2023,8,2023-08-29 00:00:00,2023-09-29 00:00:00,0,0,0,0.0,False
2023,9,2023-09-29 00:00:00,2023-10-29 00:00:00,0,0,0,0.0,False
2023,10,2023-10-29 00:00:00,2023-11-29 00:00:00,5,4,1,20.0,False
2023,11,2023-11-29 00:00:00,2023-12-29 00:00:00,128,124,4,3.13,False
2023,12,2023-12-29 00:00:00,2024-01-29 00:00:00,0,0,0,0.0,True
2024,1,2024-01-01 00:00:00,2024-02-01 00:00:00,110,108,2,1.82,False
2024,2,2024-02-01 00:00:00,2024-03-01 00:00:00,143,139,4,2.8,False
2024,3,2024-03-01 00:00:00,2024-04-01 00:00:00,47,37,10,21.28,False
2024,3,2024-03-30 00:00:00,2024-04-30 00:00:00,44,41,3,6.82,False
2024,4,2024-04-30 00:00:00,2024-05-30 00:00:00,0,0,0,0.0,False
2024,5,2024-05-30 00:00:00,2024-06-30 00:00:00,0,0,0,0.0,False
2024,6,2024-06-30 00:00:00,2024-07-30 00:00:00,0,0,0,0.0,False
2024,7,2024-07-30 00:00:00,2024-08-30 00:00:00,0,0,0,0.0,False
2024,8,2024-08-30 00:00:00,2024-09-30 00:00:00,0,0,0,0.0,False
2024,9,2024-09-30 00:00:00,2024-10-30 00:00:00,1,0,1,100.0,False
2024,10,2024-10-30 00:00:00,2024-11-30 00:00:00,72,71,1,1.39,False
2024,11,2024-11-30 00:00:00,2024-12-30 00:00:00,140,121,19,13.57,False
2024,12,2024-12-30 00:00:00,2025-01-30 00:00:00,7,7,0,0.0,True
2025,1,2025-01-01 00:00:00,2025-02-01 00:00:00,161,156,5,3.11,False
2025,2,2025-02-01 00:00:00,2025-03-01 00:00:00,46,43,3,6.52,False
2025,3,2025-03-01 00:00:00,2025-04-01 00:00:00,60,57,3,5.0,False
2025,3,2025-03-29 00:00:00,2025-04-29 00:00:00,26,21,5,19.23,False
2025,4,2025-04-29 00:00:00,2025-05-29 00:00:00,33,29,4,12.12,False
2025,5,2025-05-29 00:00:00,2025-06-29 00:00:00,0,0,0,0.0,False
2025,6,2025-06-29 00:00:00,2025-07-29 00:00:00,0,0,0,0.0,False
2025,7,2025-07-29 00:00:00,2025-08-29 00:00:00,0,0,0,0.0,False
2025,8,2025-08-29 00:00:00,2025-09-29 00:00:00,0,0,0,0.0,False
2025,9,2025-09-29 00:00:00,2025-10-29 00:00:00,3,3,0,0.0,False
2025,10,2025-10-29 00:00:00,2025-11-29 00:00:00,34,34,0,0.0,False
2025,11,2025-11-29 00:00:00,2025-12-29 00:00:00,39,35,4,10.26,False
2025,12,2025-12-29 00:00:00,2026-01-29 00:00:00,0,0,0,0.0,True
