tower_id,gfd_ElNino,gfd_LaNina,gfd_Neutral,dGFD_dENSO,units,lat,lng,elev_m
1,8.0,8.0,8.32,0.0,flashes/km^2/yr per unit Niño 3.4 (year 2028),-7.716406,114.01926,51.0
2,7.68,7.68,8.0,0.0,flashes/km^2/yr per unit Niño 3.4 (year 2028),-7.714434,114.022156,98.0
3,7.04,8.0,8.0,-0.48,flashes/km^2/yr per unit Niño 3.4 (year 2028),-7.713285,114.02373,89.0
4,7.68,8.0,8.32,-0.16000000000000014,flashes/km^2/yr per unit Niño 3.4 (year 2028),-7.711402,114.02657,78.0
5,7.84,8.16,8.0,-0.16000000000000014,flashes/km^2/yr per unit Niño 3.4 (year 2028),-7.711367,114.02903,60.0
6,7.52,8.0,8.0,-0.2400000000000002,flashes/km^2/yr per unit Niño 3.4 (year 2028),-7.711367,114.03242,55.0
7,7.68,8.32,8.0,-0.3200000000000003,flashes/km^2/yr per unit Niño 3.4 (year 2028),-7.71135,114.0354,41.0
8,8.32,8.32,8.32,0.0,flashes/km^2/yr per unit Niño 3.4 (year 2028),-7.711367,114.03872,34.0
9,8.0,8.32,8.32,-0.16000000000000014,flashes/km^2/yr per unit Niño 3.4 (year 2028),-7.712383,114.041214,33.0
10,7.68,7.84,8.32,-0.08000000000000007,flashes/km^2/yr per unit Niño 3.4 (year 2028),-7.713517,114.04397,40.0
11,7.04,8.0,7.84,-0.48,flashes/km^2/yr per unit Niño 3.4 (year 2028),-7.714433,114.046265,47.0
12,7.36,7.68,8.0,-0.1599999999999997,flashes/km^2/yr per unit Niño 3.4 (year 2028),-7.715283,114.0483,44.0
13,7.52,8.32,7.36,-0.40000000000000036,flashes/km^2/yr per unit Niño 3.4 (year 2028),-7.716217,114.05057,47.0
14,7.04,8.0,8.0,-0.48,flashes/km^2/yr per unit Niño 3.4 (year 2028),-7.71775,114.05435,50.0
15,7.68,8.0,7.52,-0.16000000000000014,flashes/km^2/yr per unit Niño 3.4 (year 2028),-7.718614,114.056526,39.0
16,7.68,7.68,7.68,0.0,flashes/km^2/yr per unit Niño 3.4 (year 2028),-7.719297,114.05823,40.0
17,7.36,7.68,8.0,-0.1599999999999997,flashes/km^2/yr per unit Niño 3.4 (year 2028),-7.720283,114.0607,28.0
18,6.72,8.0,8.0,-0.6400000000000001,flashes/km^2/yr per unit Niño 3.4 (year 2028),-7.721371,114.06342,43.0
19,7.68,7.68,8.32,0.0,flashes/km^2/yr per unit Niño 3.4 (year 2028),-7.722417,114.06595,34.0
20,7.04,7.68,7.68,-0.31999999999999984,flashes/km^2/yr per unit Niño 3.4 (year 2028),-7.722433,114.06793,34.0
21,8.0,7.68,7.68,0.16000000000000014,flashes/km^2/yr per unit Niño 3.4 (year 2028),-7.72245,114.070984,33.0
22,7.68,8.0,7.36,-0.16000000000000014,flashes/km^2/yr per unit Niño 3.4 (year 2028),-7.72245,114.0741,29.0
23,7.36,8.16,7.68,-0.3999999999999999,flashes/km^2/yr per unit Niño 3.4 (year 2028),-7.722472,114.07687,31.0
24,7.36,7.36,7.2,0.0,flashes/km^2/yr per unit Niño 3.4 (year 2028),-7.722432,114.078964,32.0
25,7.04,6.88,7.04,0.08000000000000007,flashes/km^2/yr per unit Niño 3.4 (year 2028),-7.722483,114.08195,23.0
26,6.4,7.04,7.04,-0.31999999999999984,flashes/km^2/yr per unit Niño 3.4 (year 2028),-7.7225,114.084564,26.0
27,6.72,7.04,7.04,-0.16000000000000014,flashes/km^2/yr per unit Niño 3.4 (year 2028),-7.722517,114.08725,32.0
28,5.44,6.08,6.08,-0.31999999999999984,flashes/km^2/yr per unit Niño 3.4 (year 2028),-7.722533,114.09005,34.0
29,5.76,6.08,6.4,-0.16000000000000014,flashes/km^2/yr per unit Niño 3.4 (year 2028),-7.72255,114.09323,34.0
30,6.72,6.4,6.88,0.1599999999999997,flashes/km^2/yr per unit Niño 3.4 (year 2028),-7.722567,114.096214,40.0
31,6.4,6.72,6.4,-0.1599999999999997,flashes/km^2/yr per unit Niño 3.4 (year 2028),-7.722583,114.09828,43.0
32,6.4,6.72,6.4,-0.1599999999999997,flashes/km^2/yr per unit Niño 3.4 (year 2028),-7.722583,114.100685,30.0
33,5.76,6.88,6.4,-0.56,flashes/km^2/yr per unit Niño 3.4 (year 2028),-7.722583,114.103386,32.0
34,6.08,6.72,6.72,-0.31999999999999984,flashes/km^2/yr per unit Niño 3.4 (year 2028),-7.7226,114.10622,33.0
35,6.4,6.4,7.04,0.0,flashes/km^2/yr per unit Niño 3.4 (year 2028),-7.7226,114.10835,42.0
36,5.76,5.76,6.24,0.0,flashes/km^2/yr per unit Niño 3.4 (year 2028),-7.7238,114.110535,37.0
37,5.44,6.4,6.4,-0.48,flashes/km^2/yr per unit Niño 3.4 (year 2028),-7.725033,114.1128,52.0
38,6.08,6.72,6.72,-0.31999999999999984,flashes/km^2/yr per unit Niño 3.4 (year 2028),-7.7263,114.115234,32.0
39,6.4,6.4,7.2,0.0,flashes/km^2/yr per unit Niño 3.4 (year 2028),-7.7278,114.118034,17.0
40,5.76,6.08,6.4,-0.16000000000000014,flashes/km^2/yr per unit Niño 3.4 (year 2028),-7.72925,114.120735,25.0
41,6.08,6.72,6.72,-0.31999999999999984,flashes/km^2/yr per unit Niño 3.4 (year 2028),-7.73075,114.1235,27.0
42,6.72,6.72,6.72,0.0,flashes/km^2/yr per unit Niño 3.4 (year 2028),-7.732133,114.12617,21.0
43,6.72,6.4,6.72,0.1599999999999997,flashes/km^2/yr per unit Niño 3.4 (year 2028),-7.733583,114.12885,21.0
44,5.44,6.4,5.76,-0.48,flashes/km^2/yr per unit Niño 3.4 (year 2028),-7.735067,114.1316,21.0
45,5.44,5.76,6.08,-0.1599999999999997,flashes/km^2/yr per unit Niño 3.4 (year 2028),-7.736517,114.134315,24.0
46,5.12,5.44,5.44,-0.16000000000000014,flashes/km^2/yr per unit Niño 3.4 (year 2028),-7.737883,114.13686,28.0
47,4.8,4.96,5.12,-0.08000000000000007,flashes/km^2/yr per unit Niño 3.4 (year 2028),-7.7392,114.13932,31.0
48,5.12,5.28,5.12,-0.08000000000000007,flashes/km^2/yr per unit Niño 3.4 (year 2028),-7.740567,114.14183,33.0
49,4.8,4.8,4.8,0.0,flashes/km^2/yr per unit Niño 3.4 (year 2028),-7.74195,114.14443,36.0
50,4.48,4.8,4.8,-0.1599999999999997,flashes/km^2/yr per unit Niño 3.4 (year 2028),-7.743267,114.14692,36.0
51,4.8,5.44,5.12,-0.3200000000000003,flashes/km^2/yr per unit Niño 3.4 (year 2028),-7.74465,114.14945,38.0
52,5.44,5.44,4.96,0.0,flashes/km^2/yr per unit Niño 3.4 (year 2028),-7.745967,114.15193,39.0
53,4.8,5.12,5.44,-0.16000000000000014,flashes/km^2/yr per unit Niño 3.4 (year 2028),-7.747333,114.15438,38.0
54,5.6,6.72,6.4,-0.56,flashes/km^2/yr per unit Niño 3.4 (year 2028),-7.748633,114.1568,39.0
55,6.4,6.72,7.04,-0.1599999999999997,flashes/km^2/yr per unit Niño 3.4 (year 2028),-7.74945,114.15988,38.0
56,6.08,6.72,6.4,-0.31999999999999984,flashes/km^2/yr per unit Niño 3.4 (year 2028),-7.750117,114.162735,37.0
57,6.08,6.72,5.76,-0.31999999999999984,flashes/km^2/yr per unit Niño 3.4 (year 2028),-7.750767,114.16523,37.0
58,6.08,6.4,6.08,-0.16000000000000014,flashes/km^2/yr per unit Niño 3.4 (year 2028),-7.75135,114.16769,38.0
59,5.44,5.76,5.76,-0.1599999999999997,flashes/km^2/yr per unit Niño 3.4 (year 2028),-7.752033,114.17032,42.0
60,4.48,4.8,4.16,-0.1599999999999997,flashes/km^2/yr per unit Niño 3.4 (year 2028),-7.752733,114.173134,44.0
61,3.84,4.8,4.16,-0.48,flashes/km^2/yr per unit Niño 3.4 (year 2028),-7.753467,114.17602,43.0
62,3.52,3.84,3.84,-0.15999999999999992,flashes/km^2/yr per unit Niño 3.4 (year 2028),-7.75415,114.178764,42.0
63,3.84,3.84,3.84,0.0,flashes/km^2/yr per unit Niño 3.4 (year 2028),-7.754917,114.1818,42.0
64,4.640000000000001,4.48,4.48,0.08000000000000007,flashes/km^2/yr per unit Niño 3.4 (year 2028),-7.755567,114.18477,41.0
65,4.48,4.16,4.48,0.16000000000000014,flashes/km^2/yr per unit Niño 3.4 (year 2028),-7.756367,114.1877,44.0
66,4.48,4.48,4.16,0.0,flashes/km^2/yr per unit Niño 3.4 (year 2028),-7.756967,114.18988,44.0
67,4.8,4.8,4.8,0.0,flashes/km^2/yr per unit Niño 3.4 (year 2028),-7.757667,114.19282,45.0
68,4.48,4.48,4.8,0.0,flashes/km^2/yr per unit Niño 3.4 (year 2028),-7.758417,114.19569,46.0
69,5.44,5.44,5.76,0.0,flashes/km^2/yr per unit Niño 3.4 (year 2028),-7.7591,114.19853,46.0
70,5.12,5.44,4.8,-0.16000000000000014,flashes/km^2/yr per unit Niño 3.4 (year 2028),-7.759883,114.20147,49.0
71,5.12,5.44,5.44,-0.16000000000000014,flashes/km^2/yr per unit Niño 3.4 (year 2028),-7.760467,114.203735,52.0
72,5.12,5.44,4.8,-0.16000000000000014,flashes/km^2/yr per unit Niño 3.4 (year 2028),-7.761133,114.20647,51.0
73,4.8,5.76,5.76,-0.48,flashes/km^2/yr per unit Niño 3.4 (year 2028),-7.761867,114.20938,51.0
74,5.76,6.08,6.08,-0.16000000000000014,flashes/km^2/yr per unit Niño 3.4 (year 2028),-7.7626,114.21228,54.0
75,5.44,5.12,5.44,0.16000000000000014,flashes/km^2/yr per unit Niño 3.4 (year 2028),-7.763317,114.21505,51.0
76,5.76,6.08,6.4,-0.16000000000000014,flashes/km^2/yr per unit Niño 3.4 (year 2028),-7.76405,114.21793,53.0
77,6.08,6.08,6.4,0.0,flashes/km^2/yr per unit Niño 3.4 (year 2028),-7.76467,114.22054,53.0
78,5.76,6.08,6.4,-0.16000000000000014,flashes/km^2/yr per unit Niño 3.4 (year 2028),-7.766294,114.22319,55.0
79,5.76,6.08,5.76,-0.16000000000000014,flashes/km^2/yr per unit Niño 3.4 (year 2028),-7.767867,114.22588,57.0
80,5.44,5.76,5.76,-0.1599999999999997,flashes/km^2/yr per unit Niño 3.4 (year 2028),-7.769399,114.22848,60.0
81,5.12,5.76,5.76,-0.31999999999999984,flashes/km^2/yr per unit Niño 3.4 (year 2028),-7.770934,114.23106,63.0
82,4.8,5.44,5.76,-0.3200000000000003,flashes/km^2/yr per unit Niño 3.4 (year 2028),-7.77256,114.233765,64.0
83,5.12,5.12,5.44,0.0,flashes/km^2/yr per unit Niño 3.4 (year 2028),-7.772866,114.23671,64.0
84,4.48,4.8,5.12,-0.1599999999999997,flashes/km^2/yr per unit Niño 3.4 (year 2028),-7.773083,114.23977,66.0
85,4.8,5.12,5.76,-0.16000000000000014,flashes/km^2/yr per unit Niño 3.4 (year 2028),-7.773355,114.242714,66.0
86,3.52,3.84,4.16,-0.15999999999999992,flashes/km^2/yr per unit Niño 3.4 (year 2028),-7.773614,114.245636,66.0
87,4.8,5.44,4.8,-0.3200000000000003,flashes/km^2/yr per unit Niño 3.4 (year 2028),-7.773883,114.248665,61.0
88,4.48,5.12,5.12,-0.31999999999999984,flashes/km^2/yr per unit Niño 3.4 (year 2028),-7.77415,114.251686,52.0
89,4.8,5.44,5.12,-0.3200000000000003,flashes/km^2/yr per unit Niño 3.4 (year 2028),-7.77445,114.25467,57.0
90,5.12,5.44,5.44,-0.16000000000000014,flashes/km^2/yr per unit Niño 3.4 (year 2028),-7.774717,114.25737,55.0
91,6.08,6.24,6.08,-0.08000000000000007,flashes/km^2/yr per unit Niño 3.4 (year 2028),-7.775033,114.260635,50.0
92,5.44,5.76,6.08,-0.1599999999999997,flashes/km^2/yr per unit Niño 3.4 (year 2028),-7.775319,114.26346,46.0
93,5.12,5.44,5.28,-0.16000000000000014,flashes/km^2/yr per unit Niño 3.4 (year 2028),-7.775636,114.26648,41.0
94,4.8,5.12,5.44,-0.16000000000000014,flashes/km^2/yr per unit Niño 3.4 (year 2028),-7.775919,114.2694,39.0
95,4.48,5.12,5.44,-0.31999999999999984,flashes/km^2/yr per unit Niño 3.4 (year 2028),-7.776177,114.272285,38.0
96,5.44,5.76,6.08,-0.1599999999999997,flashes/km^2/yr per unit Niño 3.4 (year 2028),-7.775818,114.27507,34.0
97,5.44,5.44,6.08,0.0,flashes/km^2/yr per unit Niño 3.4 (year 2028),-7.775332,114.27788,34.0
98,5.44,6.08,6.08,-0.31999999999999984,flashes/km^2/yr per unit Niño 3.4 (year 2028),-7.774872,114.28066,34.0
99,5.76,5.44,5.76,0.1599999999999997,flashes/km^2/yr per unit Niño 3.4 (year 2028),-7.774383,114.28348,31.0
100,5.12,6.08,5.44,-0.48,flashes/km^2/yr per unit Niño 3.4 (year 2028),-7.773911,114.286285,28.0
101,5.76,6.4,5.44,-0.3200000000000003,flashes/km^2/yr per unit Niño 3.4 (year 2028),-7.773513,114.28881,31.0
102,5.44,5.76,6.08,-0.1599999999999997,flashes/km^2/yr per unit Niño 3.4 (year 2028),-7.773038,114.29185,27.0
103,5.12,5.44,5.44,-0.16000000000000014,flashes/km^2/yr per unit Niño 3.4 (year 2028),-7.772569,114.294525,22.0
104,5.12,5.44,5.76,-0.16000000000000014,flashes/km^2/yr per unit Niño 3.4 (year 2028),-7.772133,114.29733,21.0
105,5.12,5.44,5.12,-0.16000000000000014,flashes/km^2/yr per unit Niño 3.4 (year 2028),-7.771633,114.30013,20.0
106,4.16,4.8,4.8,-0.31999999999999984,flashes/km^2/yr per unit Niño 3.4 (year 2028),-7.771171,114.30285,18.0
107,4.48,4.48,4.48,0.0,flashes/km^2/yr per unit Niño 3.4 (year 2028),-7.771812,114.30593,17.0
108,4.48,4.48,4.48,0.0,flashes/km^2/yr per unit Niño 3.4 (year 2028),-7.772399,114.308304,16.0
109,3.84,4.48,4.8,-0.3200000000000003,flashes/km^2/yr per unit Niño 3.4 (year 2028),-7.773107,114.31145,16.0
110,5.12,5.44,5.44,-0.16000000000000014,flashes/km^2/yr per unit Niño 3.4 (year 2028),-7.775382,114.313286,18.0
111,5.76,6.08,6.08,-0.16000000000000014,flashes/km^2/yr per unit Niño 3.4 (year 2028),-7.777599,114.31512,22.0
112,5.76,6.4,6.08,-0.3200000000000003,flashes/km^2/yr per unit Niño 3.4 (year 2028),-7.779701,114.31525,32.0
113,5.44,6.08,6.08,-0.31999999999999984,flashes/km^2/yr per unit Niño 3.4 (year 2028),-7.783182,114.315475,39.0
114,6.08,6.4,6.4,-0.16000000000000014,flashes/km^2/yr per unit Niño 3.4 (year 2028),-7.786071,114.315704,56.0
115,6.72,7.04,7.04,-0.16000000000000014,flashes/km^2/yr per unit Niño 3.4 (year 2028),-7.788726,114.315926,68.0
116,6.72,7.36,7.36,-0.3200000000000003,flashes/km^2/yr per unit Niño 3.4 (year 2028),-7.791546,114.31612,79.0
117,5.76,6.72,6.72,-0.48,flashes/km^2/yr per unit Niño 3.4 (year 2028),-7.794341,114.31633,96.0
118,6.08,7.36,6.4,-0.6400000000000001,flashes/km^2/yr per unit Niño 3.4 (year 2028),-7.797317,114.3166,104.0
119,7.04,7.36,7.52,-0.16000000000000014,flashes/km^2/yr per unit Niño 3.4 (year 2028),-7.800081,114.31674,121.0
120,7.04,7.04,7.04,0.0,flashes/km^2/yr per unit Niño 3.4 (year 2028),-7.802861,114.316956,130.0
121,7.04,7.84,7.36,-0.3999999999999999,flashes/km^2/yr per unit Niño 3.4 (year 2028),-7.805667,114.3173,136.0
122,7.04,7.04,7.36,0.0,flashes/km^2/yr per unit Niño 3.4 (year 2028),-7.808557,114.31741,146.0
123,6.08,6.72,6.4,-0.31999999999999984,flashes/km^2/yr per unit Niño 3.4 (year 2028),-7.811393,114.31759,149.0
124,6.08,6.72,6.4,-0.31999999999999984,flashes/km^2/yr per unit Niño 3.4 (year 2028),-7.814217,114.31792,161.0
125,5.12,5.76,5.76,-0.31999999999999984,flashes/km^2/yr per unit Niño 3.4 (year 2028),-7.816717,114.3181,163.0
126,5.44,5.12,5.76,0.16000000000000014,flashes/km^2/yr per unit Niño 3.4 (year 2028),-7.81955,114.3183,162.0
127,5.76,6.08,5.76,-0.16000000000000014,flashes/km^2/yr per unit Niño 3.4 (year 2028),-7.822017,114.318535,170.0
128,7.04,7.36,7.68,-0.16000000000000014,flashes/km^2/yr per unit Niño 3.4 (year 2028),-7.824783,114.31872,187.0
129,7.36,7.68,7.68,-0.1599999999999997,flashes/km^2/yr per unit Niño 3.4 (year 2028),-7.82785,114.31892,196.0
130,8.0,8.64,7.84,-0.3200000000000003,flashes/km^2/yr per unit Niño 3.4 (year 2028),-7.830433,114.3191,207.0
131,8.64,9.28,9.6,-0.3199999999999994,flashes/km^2/yr per unit Niño 3.4 (year 2028),-7.833033,114.31928,218.0
132,9.28,9.92,9.28,-0.3200000000000003,flashes/km^2/yr per unit Niño 3.4 (year 2028),-7.835533,114.319534,221.0
133,9.28,9.6,9.92,-0.16000000000000014,flashes/km^2/yr per unit Niño 3.4 (year 2028),-7.8385,114.31968,228.0
134,8.0,8.8,8.96,-0.40000000000000036,flashes/km^2/yr per unit Niño 3.4 (year 2028),-7.841217,114.31993,232.0
135,8.64,8.96,8.8,-0.16000000000000014,flashes/km^2/yr per unit Niño 3.4 (year 2028),-7.84405,114.320114,239.0
136,8.32,8.64,8.64,-0.16000000000000014,flashes/km^2/yr per unit Niño 3.4 (year 2028),-7.846817,114.320366,240.0
137,9.28,9.44,10.24,-0.08000000000000007,flashes/km^2/yr per unit Niño 3.4 (year 2028),-7.849667,114.32055,236.0
138,8.96,9.28,9.28,-0.15999999999999925,flashes/km^2/yr per unit Niño 3.4 (year 2028),-7.851817,114.32073,247.0
139,9.28,9.76,8.96,-0.2400000000000002,flashes/km^2/yr per unit Niño 3.4 (year 2028),-7.8545,114.320984,261.0
140,8.96,9.6,9.92,-0.3199999999999994,flashes/km^2/yr per unit Niño 3.4 (year 2028),-7.857117,114.3212,254.0
141,8.32,9.6,9.28,-0.6399999999999997,flashes/km^2/yr per unit Niño 3.4 (year 2028),-7.859938,114.32136,248.0
142,9.6,9.6,10.56,0.0,flashes/km^2/yr per unit Niño 3.4 (year 2028),-7.862533,114.32162,245.0
143,9.28,9.92,9.6,-0.3200000000000003,flashes/km^2/yr per unit Niño 3.4 (year 2028),-7.86535,114.32185,239.0
144,9.28,9.6,9.92,-0.16000000000000014,flashes/km^2/yr per unit Niño 3.4 (year 2028),-7.868156,114.32197,232.0
145,10.4,9.92,9.6,0.2400000000000002,flashes/km^2/yr per unit Niño 3.4 (year 2028),-7.870917,114.32225,229.0
146,9.28,10.88,10.24,-0.8000000000000007,flashes/km^2/yr per unit Niño 3.4 (year 2028),-7.873767,114.32243,226.0
147,9.28,10.24,9.76,-0.4800000000000004,flashes/km^2/yr per unit Niño 3.4 (year 2028),-7.87663,114.32267,223.0
148,9.120000000000001,10.24,9.44,-0.5599999999999996,flashes/km^2/yr per unit Niño 3.4 (year 2028),-7.8788,114.32408,225.0
149,8.96,10.24,9.6,-0.6399999999999997,flashes/km^2/yr per unit Niño 3.4 (year 2028),-7.881517,114.32587,211.0
150,8.96,10.08,10.24,-0.5599999999999996,flashes/km^2/yr per unit Niño 3.4 (year 2028),-7.883433,114.32719,215.0
151,8.96,9.28,9.6,-0.15999999999999925,flashes/km^2/yr per unit Niño 3.4 (year 2028),-7.885833,114.328766,208.0
152,8.64,9.28,9.44,-0.3199999999999994,flashes/km^2/yr per unit Niño 3.4 (year 2028),-7.888083,114.33035,202.0
153,8.0,8.64,9.6,-0.3200000000000003,flashes/km^2/yr per unit Niño 3.4 (year 2028),-7.890383,114.33189,193.0
154,8.32,8.8,8.32,-0.2400000000000002,flashes/km^2/yr per unit Niño 3.4 (year 2028),-7.89275,114.33345,196.0
155,8.64,8.32,8.64,0.16000000000000014,flashes/km^2/yr per unit Niño 3.4 (year 2028),-7.894933,114.335014,201.0
156,8.32,9.28,8.96,-0.47999999999999954,flashes/km^2/yr per unit Niño 3.4 (year 2028),-7.8973,114.33655,189.0
157,8.64,8.96,8.64,-0.16000000000000014,flashes/km^2/yr per unit Niño 3.4 (year 2028),-7.898433,114.33898,188.0
158,8.64,8.96,9.6,-0.16000000000000014,flashes/km^2/yr per unit Niño 3.4 (year 2028),-7.899567,114.34161,176.0
159,8.96,9.28,8.96,-0.15999999999999925,flashes/km^2/yr per unit Niño 3.4 (year 2028),-7.9006,114.34372,189.0
160,8.64,9.120000000000001,9.28,-0.2400000000000002,flashes/km^2/yr per unit Niño 3.4 (year 2028),-7.901583,114.34585,194.0
161,8.0,8.96,7.68,-0.4800000000000004,flashes/km^2/yr per unit Niño 3.4 (year 2028),-7.902683,114.34838,181.0
162,8.0,8.96,9.28,-0.4800000000000004,flashes/km^2/yr per unit Niño 3.4 (year 2028),-7.9038,114.35097,170.0
163,8.32,8.64,8.16,-0.16000000000000014,flashes/km^2/yr per unit Niño 3.4 (year 2028),-7.905083,114.35378,153.0
164,8.64,8.64,8.96,0.0,flashes/km^2/yr per unit Niño 3.4 (year 2028),-7.906167,114.3563,152.0
165,8.32,8.96,8.32,-0.3200000000000003,flashes/km^2/yr per unit Niño 3.4 (year 2028),-7.907267,114.358734,153.0
166,8.0,9.28,8.0,-0.6399999999999997,flashes/km^2/yr per unit Niño 3.4 (year 2028),-7.908317,114.36132,144.0
167,8.0,8.48,8.96,-0.2400000000000002,flashes/km^2/yr per unit Niño 3.4 (year 2028),-7.9095,114.36377,130.0
168,7.68,8.32,8.32,-0.3200000000000003,flashes/km^2/yr per unit Niño 3.4 (year 2028),-7.910667,114.3665,126.0
169,7.68,7.68,8.0,0.0,flashes/km^2/yr per unit Niño 3.4 (year 2028),-7.9118,114.36902,118.0
170,6.72,7.04,7.04,-0.16000000000000014,flashes/km^2/yr per unit Niño 3.4 (year 2028),-7.913033,114.371666,99.0
171,6.4,6.72,6.72,-0.1599999999999997,flashes/km^2/yr per unit Niño 3.4 (year 2028),-7.914267,114.3744,103.0
172,6.72,6.5600000000000005,6.72,0.07999999999999963,flashes/km^2/yr per unit Niño 3.4 (year 2028),-7.915117,114.3765,96.0
173,7.04,6.72,7.04,0.16000000000000014,flashes/km^2/yr per unit Niño 3.4 (year 2028),-7.916933,114.37728,93.0
174,6.72,7.36,7.36,-0.3200000000000003,flashes/km^2/yr per unit Niño 3.4 (year 2028),-7.918167,114.37787,88.0
175,7.04,6.72,7.36,0.16000000000000014,flashes/km^2/yr per unit Niño 3.4 (year 2028),-7.921233,114.37922,60.0
176,6.72,7.04,7.36,-0.16000000000000014,flashes/km^2/yr per unit Niño 3.4 (year 2028),-7.923833,114.38032,37.0
177,8.0,8.0,8.0,0.0,flashes/km^2/yr per unit Niño 3.4 (year 2028),-7.926267,114.38147,37.0
178,7.36,7.68,8.0,-0.1599999999999997,flashes/km^2/yr per unit Niño 3.4 (year 2028),-7.929733,114.38227,42.0
179,7.36,7.36,8.0,0.0,flashes/km^2/yr per unit Niño 3.4 (year 2028),-7.931967,114.38277,47.0
180,7.04,7.68,7.68,-0.31999999999999984,flashes/km^2/yr per unit Niño 3.4 (year 2028),-7.9343,114.383316,46.0
181,7.04,7.36,7.36,-0.16000000000000014,flashes/km^2/yr per unit Niño 3.4 (year 2028),-7.936933,114.383934,48.0
182,6.4,6.4,6.88,0.0,flashes/km^2/yr per unit Niño 3.4 (year 2028),-7.939633,114.38457,49.0
183,6.4,6.72,6.4,-0.1599999999999997,flashes/km^2/yr per unit Niño 3.4 (year 2028),-7.942333,114.38517,50.0
184,6.24,6.08,6.08,0.08000000000000007,flashes/km^2/yr per unit Niño 3.4 (year 2028),-7.944817,114.38575,50.0
185,5.12,5.44,5.12,-0.16000000000000014,flashes/km^2/yr per unit Niño 3.4 (year 2028),-7.947983,114.3865,50.0
186,6.4,6.08,6.08,0.16000000000000014,flashes/km^2/yr per unit Niño 3.4 (year 2028),-7.9509,114.38717,51.0
187,6.72,7.04,7.04,-0.16000000000000014,flashes/km^2/yr per unit Niño 3.4 (year 2028),-7.953767,114.38782,51.0
188,6.4,7.04,6.4,-0.31999999999999984,flashes/km^2/yr per unit Niño 3.4 (year 2028),-7.956583,114.388466,52.0
189,6.72,6.72,7.04,0.0,flashes/km^2/yr per unit Niño 3.4 (year 2028),-7.95945,114.38917,55.0
190,6.72,6.88,6.08,-0.08000000000000007,flashes/km^2/yr per unit Niño 3.4 (year 2028),-7.962567,114.38983,57.0
191,6.24,6.72,6.4,-0.23999999999999977,flashes/km^2/yr per unit Niño 3.4 (year 2028),-7.96565,114.39058,57.0
192,7.04,6.88,7.2,0.08000000000000007,flashes/km^2/yr per unit Niño 3.4 (year 2028),-7.968533,114.39125,57.0
193,6.4,6.72,7.04,-0.1599999999999997,flashes/km^2/yr per unit Niño 3.4 (year 2028),-7.97145,114.391914,55.0
194,6.72,7.84,7.36,-0.56,flashes/km^2/yr per unit Niño 3.4 (year 2028),-7.97405,114.39252,55.0
195,7.36,7.68,7.36,-0.1599999999999997,flashes/km^2/yr per unit Niño 3.4 (year 2028),-7.976283,114.39305,57.0
196,6.72,7.36,7.04,-0.3200000000000003,flashes/km^2/yr per unit Niño 3.4 (year 2028),-7.978817,114.39365,55.0
197,7.04,7.2,7.36,-0.08000000000000007,flashes/km^2/yr per unit Niño 3.4 (year 2028),-7.981317,114.3942,52.0
198,7.04,6.72,7.04,0.16000000000000014,flashes/km^2/yr per unit Niño 3.4 (year 2028),-7.983683,114.39477,51.0
199,6.72,7.36,6.72,-0.3200000000000003,flashes/km^2/yr per unit Niño 3.4 (year 2028),-7.98615,114.39535,48.0
200,6.72,7.36,7.68,-0.3200000000000003,flashes/km^2/yr per unit Niño 3.4 (year 2028),-7.988567,114.3959,45.0
201,7.68,7.04,7.36,0.31999999999999984,flashes/km^2/yr per unit Niño 3.4 (year 2028),-7.9912,114.3965,41.0
202,8.0,8.32,8.0,-0.16000000000000014,flashes/km^2/yr per unit Niño 3.4 (year 2028),-7.994233,114.3972,47.0
203,7.68,7.68,8.0,0.0,flashes/km^2/yr per unit Niño 3.4 (year 2028),-7.996583,114.39775,46.0
204,7.68,7.68,8.32,0.0,flashes/km^2/yr per unit Niño 3.4 (year 2028),-7.9989,114.39827,43.0
205,7.36,7.52,7.36,-0.07999999999999963,flashes/km^2/yr per unit Niño 3.4 (year 2028),-8.001117,114.3993,44.0
206,7.04,7.68,7.04,-0.31999999999999984,flashes/km^2/yr per unit Niño 3.4 (year 2028),-8.003917,114.40058,44.0
207,6.72,7.68,7.36,-0.48,flashes/km^2/yr per unit Niño 3.4 (year 2028),-8.006683,114.401886,41.0
208,6.72,6.72,6.72,0.0,flashes/km^2/yr per unit Niño 3.4 (year 2028),-8.009033,114.403,41.0
209,6.08,7.04,6.4,-0.48,flashes/km^2/yr per unit Niño 3.4 (year 2028),-8.011133,114.40393,35.0
210,6.24,7.04,6.72,-0.3999999999999999,flashes/km^2/yr per unit Niño 3.4 (year 2028),-8.013483,114.40503,28.0
211,7.04,7.04,7.36,0.0,flashes/km^2/yr per unit Niño 3.4 (year 2028),-8.015817,114.40607,31.0
212,7.36,7.36,7.36,0.0,flashes/km^2/yr per unit Niño 3.4 (year 2028),-8.0187,114.407265,35.0
213,7.68,7.36,7.36,0.1599999999999997,flashes/km^2/yr per unit Niño 3.4 (year 2028),-8.0217,114.40863,32.0
214,6.08,6.72,7.04,-0.31999999999999984,flashes/km^2/yr per unit Niño 3.4 (year 2028),-8.024267,114.40985,32.0
215,6.08,6.72,6.08,-0.31999999999999984,flashes/km^2/yr per unit Niño 3.4 (year 2028),-8.026833,114.41103,31.0
216,5.76,6.4,6.4,-0.3200000000000003,flashes/km^2/yr per unit Niño 3.4 (year 2028),-8.02965,114.412315,30.0
217,5.44,5.44,5.76,0.0,flashes/km^2/yr per unit Niño 3.4 (year 2028),-8.032483,114.41365,29.0
218,5.76,5.76,5.44,0.0,flashes/km^2/yr per unit Niño 3.4 (year 2028),-8.035633,114.4151,26.0
219,5.44,5.44,5.76,0.0,flashes/km^2/yr per unit Niño 3.4 (year 2028),-8.038117,114.41505,29.0
220,4.8,5.44,5.12,-0.3200000000000003,flashes/km^2/yr per unit Niño 3.4 (year 2028),-8.041367,114.41503,19.0
221,4.48,5.12,5.44,-0.31999999999999984,flashes/km^2/yr per unit Niño 3.4 (year 2028),-8.043567,114.415016,23.0
222,5.12,5.44,4.8,-0.16000000000000014,flashes/km^2/yr per unit Niño 3.4 (year 2028),-8.045533,114.41497,29.0
223,5.76,5.76,5.44,0.0,flashes/km^2/yr per unit Niño 3.4 (year 2028),-8.048783,114.41492,32.0
224,5.76,5.76,6.08,0.0,flashes/km^2/yr per unit Niño 3.4 (year 2028),-8.051267,114.41492,28.0
225,6.08,5.76,6.4,0.16000000000000014,flashes/km^2/yr per unit Niño 3.4 (year 2028),-8.053733,114.4149,32.0
226,6.4,6.08,6.4,0.16000000000000014,flashes/km^2/yr per unit Niño 3.4 (year 2028),-8.056567,114.41483,33.0
227,6.4,6.08,6.4,0.16000000000000014,flashes/km^2/yr per unit Niño 3.4 (year 2028),-8.059333,114.41482,35.0
228,5.76,6.08,6.08,-0.16000000000000014,flashes/km^2/yr per unit Niño 3.4 (year 2028),-8.062483,114.41475,34.0
229,5.44,5.76,5.44,-0.1599999999999997,flashes/km^2/yr per unit Niño 3.4 (year 2028),-8.065417,114.41472,44.0
230,5.44,5.76,5.44,-0.1599999999999997,flashes/km^2/yr per unit Niño 3.4 (year 2028),-8.067167,114.41423,47.0
231,6.08,5.76,5.76,0.16000000000000014,flashes/km^2/yr per unit Niño 3.4 (year 2028),-8.069917,114.41357,48.0
232,5.44,5.76,6.4,-0.1599999999999997,flashes/km^2/yr per unit Niño 3.4 (year 2028),-8.073517,114.412636,57.0
233,5.44,5.76,6.08,-0.1599999999999997,flashes/km^2/yr per unit Niño 3.4 (year 2028),-8.077333,114.41165,45.0
234,5.76,5.76,6.24,0.0,flashes/km^2/yr per unit Niño 3.4 (year 2028),-8.080617,114.4108,74.0
235,6.08,6.08,6.08,0.0,flashes/km^2/yr per unit Niño 3.4 (year 2028),-8.08425,114.4099,76.0
236,5.76,6.08,6.4,-0.16000000000000014,flashes/km^2/yr per unit Niño 3.4 (year 2028),-8.08605,114.40942,113.0
237,6.08,6.72,5.76,-0.31999999999999984,flashes/km^2/yr per unit Niño 3.4 (year 2028),-8.087683,114.40895,140.0
238,6.08,6.72,6.72,-0.31999999999999984,flashes/km^2/yr per unit Niño 3.4 (year 2028),-8.09095,114.408066,170.0
239,6.72,7.04,6.4,-0.16000000000000014,flashes/km^2/yr per unit Niño 3.4 (year 2028),-8.095783,114.40722,187.0
240,7.04,6.4,7.36,0.31999999999999984,flashes/km^2/yr per unit Niño 3.4 (year 2028),-8.101233,114.40587,78.0
241,6.72,7.36,7.2,-0.3200000000000003,flashes/km^2/yr per unit Niño 3.4 (year 2028),-8.102317,114.40563,94.0
242,6.08,6.4,6.4,-0.16000000000000014,flashes/km^2/yr per unit Niño 3.4 (year 2028),-8.104683,114.40497,82.0
243,6.4,6.72,6.72,-0.1599999999999997,flashes/km^2/yr per unit Niño 3.4 (year 2028),-8.106833,114.40345,71.0
244,5.76,6.08,6.08,-0.16000000000000014,flashes/km^2/yr per unit Niño 3.4 (year 2028),-8.110183,114.401,70.0
245,5.44,6.08,6.24,-0.31999999999999984,flashes/km^2/yr per unit Niño 3.4 (year 2028),-8.1119,114.39982,88.0
246,5.44,6.4,5.92,-0.48,flashes/km^2/yr per unit Niño 3.4 (year 2028),-8.1142,114.39833,68.0
247,6.08,6.72,7.04,-0.31999999999999984,flashes/km^2/yr per unit Niño 3.4 (year 2028),-8.115967,114.397385,63.0
248,5.76,6.08,6.08,-0.16000000000000014,flashes/km^2/yr per unit Niño 3.4 (year 2028),-8.117867,114.3965,65.0
249,5.76,5.76,6.08,0.0,flashes/km^2/yr per unit Niño 3.4 (year 2028),-8.11995,114.39547,64.0
250,5.12,5.76,5.6,-0.31999999999999984,flashes/km^2/yr per unit Niño 3.4 (year 2028),-8.122733,114.394135,47.0
251,4.8,5.44,5.44,-0.3200000000000003,flashes/km^2/yr per unit Niño 3.4 (year 2028),-8.1254,114.39363,39.0
252,4.48,4.48,5.12,0.0,flashes/km^2/yr per unit Niño 3.4 (year 2028),-8.1286,114.3929,21.0
253,4.8,4.48,4.48,0.1599999999999997,flashes/km^2/yr per unit Niño 3.4 (year 2028),-8.13135,114.39238,21.0
254,4.16,4.16,4.48,0.0,flashes/km^2/yr per unit Niño 3.4 (year 2028),-8.13425,114.39173,22.0
255,4.48,4.48,4.16,0.0,flashes/km^2/yr per unit Niño 3.4 (year 2028),-8.137017,114.3907,20.0
256,5.12,5.12,5.44,0.0,flashes/km^2/yr per unit Niño 3.4 (year 2028),-8.139483,114.38975,17.0
257,5.12,5.44,5.28,-0.16000000000000014,flashes/km^2/yr per unit Niño 3.4 (year 2028),-8.1422,114.38875,15.0
258,5.44,5.76,5.92,-0.1599999999999997,flashes/km^2/yr per unit Niño 3.4 (year 2028),-8.144983,114.38772,19.0
259,5.76,6.08,6.08,-0.16000000000000014,flashes/km^2/yr per unit Niño 3.4 (year 2028),-8.147967,114.38662,24.0
260,6.08,6.4,6.4,-0.16000000000000014,flashes/km^2/yr per unit Niño 3.4 (year 2028),-8.150867,114.38558,28.0
261,5.44,6.08,6.4,-0.31999999999999984,flashes/km^2/yr per unit Niño 3.4 (year 2028),-8.1515,114.38245,44.0
262,6.08,6.72,6.4,-0.31999999999999984,flashes/km^2/yr per unit Niño 3.4 (year 2028),-8.152167,114.37925,58.0
263,7.04,7.68,7.04,-0.31999999999999984,flashes/km^2/yr per unit Niño 3.4 (year 2028),-8.152767,114.37625,76.0
264,7.04,7.36,7.36,-0.16000000000000014,flashes/km^2/yr per unit Niño 3.4 (year 2028),-8.153333,114.3734,87.0
265,7.36,7.84,7.36,-0.23999999999999977,flashes/km^2/yr per unit Niño 3.4 (year 2028),-8.154533,114.371414,106.0
266,6.72,7.68,7.68,-0.48,flashes/km^2/yr per unit Niño 3.4 (year 2028),-8.155833,114.36922,110.0
267,6.88,7.04,7.36,-0.08000000000000007,flashes/km^2/yr per unit Niño 3.4 (year 2028),-8.157267,114.3668,123.0
268,7.36,6.72,7.36,0.3200000000000003,flashes/km^2/yr per unit Niño 3.4 (year 2028),-8.158467,114.36475,131.0
269,7.04,7.04,6.72,0.0,flashes/km^2/yr per unit Niño 3.4 (year 2028),-8.159733,114.3626,143.0
270,6.4,7.04,7.04,-0.31999999999999984,flashes/km^2/yr per unit Niño 3.4 (year 2028),-8.161217,114.3601,150.0
271,6.24,6.72,7.04,-0.23999999999999977,flashes/km^2/yr per unit Niño 3.4 (year 2028),-8.162767,114.35751,156.0
272,6.08,7.04,6.4,-0.48,flashes/km^2/yr per unit Niño 3.4 (year 2028),-8.164483,114.35458,167.0
273,6.72,7.04,7.04,-0.16000000000000014,flashes/km^2/yr per unit Niño 3.4 (year 2028),-8.1668,114.35387,166.0
274,6.72,6.72,6.4,0.0,flashes/km^2/yr per unit Niño 3.4 (year 2028),-8.169217,114.35312,163.0
275,6.72,6.4,6.4,0.1599999999999997,flashes/km^2/yr per unit Niño 3.4 (year 2028),-8.171717,114.35235,158.0
276,6.08,7.36,6.5600000000000005,-0.6400000000000001,flashes/km^2/yr per unit Niño 3.4 (year 2028),-8.174233,114.35155,147.0
277,5.44,5.76,5.76,-0.1599999999999997,flashes/km^2/yr per unit Niño 3.4 (year 2028),-8.176667,114.350784,148.0
278,5.76,6.4,6.08,-0.3200000000000003,flashes/km^2/yr per unit Niño 3.4 (year 2028),-8.179667,114.35198,129.0
279,5.44,5.12,5.76,0.16000000000000014,flashes/km^2/yr per unit Niño 3.4 (year 2028),-8.183017,114.35337,113.0
280,5.12,5.44,5.44,-0.16000000000000014,flashes/km^2/yr per unit Niño 3.4 (year 2028),-8.185717,114.35445,105.0
281,6.08,6.08,6.4,0.0,flashes/km^2/yr per unit Niño 3.4 (year 2028),-8.188365,114.35488,101.0
