span_id,from_tower,to_tower,lat,lng,asset_name
1,,,-8.188709,114.35497,SPAN SUTT 150kV STBDO-BWNGI #0281-GT
2,,,-8.187041,114.35467,SPAN SUTT 150kV STBDO-BWNGI #0281
3,,,-8.152467,114.37775,SPAN SUTT 150kV STBDO-BWNGI #0263
4,,,-8.151833,114.38085,SPAN SUTT 150kV STBDO-BWNGI #0262
5,,,-8.151183,114.38402,SPAN SUTT 150kV STBDO-BWNGI #0261
6,,,-8.149417,114.3861,SPAN SUTT 150kV STBDO-BWNGI #0260
7,,,-8.146475,114.38717,SPAN SUTT 150kV STBDO-BWNGI #0259
8,,,-8.143592,114.38823,SPAN SUTT 150kV STBDO-BWNGI #0258
9,,,-8.140842,114.38925,SPAN SUTT 150kV STBDO-BWNGI #0257
10,,,-8.13825,114.39023,SPAN SUTT 150kV STBDO-BWNGI #0256
11,,,-8.135633,114.39122,SPAN SUTT 150kV STBDO-BWNGI #0255
12,,,-8.1328,114.39206,SPAN SUTT 150kV STBDO-BWNGI #0254
13,,,-8.129975,114.39264,SPAN SUTT 150kV STBDO-BWNGI #0253
14,,,-8.127,114.393265,SPAN SUTT 150kV STBDO-BWNGI #0252
15,,,-8.124067,114.39388,SPAN SUTT 150kV STBDO-BWNGI #0251
16,,,-8.121342,114.3948,SPAN SUTT 150kV STBDO-BWNGI #0250
17,,,-8.118908,114.39598,SPAN SUTT 150kV STBDO-BWNGI #0249
18,,,-8.116917,114.39694,SPAN SUTT 150kV STBDO-BWNGI #0248
19,,,-8.115083,114.39786,SPAN SUTT 150kV STBDO-BWNGI #0247
20,,,-8.11305,114.39908,SPAN SUTT 150kV STBDO-BWNGI #0246
21,,,-8.111042,114.400406,SPAN SUTT 150kV STBDO-BWNGI #0245
22,,,-8.108508,114.40222,SPAN SUTT 150kV STBDO-BWNGI #0244
23,,,-8.105758,114.404205,SPAN SUTT 150kV STBDO-BWNGI #0243
24,,,-8.1035,114.4053,SPAN SUTT 150kV STBDO-BWNGI #0242
25,,,-8.101775,114.40575,SPAN SUTT 150kV STBDO-BWNGI #0241
26,,,-8.098508,114.40654,SPAN SUTT 150kV STBDO-BWNGI #0240
27,,,-8.093367,114.40764,SPAN SUTT 150kV STBDO-BWNGI #0239
28,,,-8.089317,114.40851,SPAN SUTT 150kV STBDO-BWNGI #0238
29,,,-8.086867,114.40918,SPAN SUTT 150kV STBDO-BWNGI #0237
30,,,-8.08515,114.40966,SPAN SUTT 150kV STBDO-BWNGI #0236
31,,,-8.082433,114.41035,SPAN SUTT 150kV STBDO-BWNGI #0235
32,,,-8.078975,114.411224,SPAN SUTT 150kV STBDO-BWNGI #0234
33,,,-8.075425,114.41214,SPAN SUTT 150kV STBDO-BWNGI #0233
34,,,-8.071717,114.4131,SPAN SUTT 150kV STBDO-BWNGI #0232
35,,,-8.068542,114.4139,SPAN SUTT 150kV STBDO-BWNGI #0231
36,,,-8.066292,114.414474,SPAN SUTT 150kV STBDO-BWNGI #0230
37,,,-8.06395,114.414734,SPAN SUTT 150kV STBDO-BWNGI #0229
38,,,-8.060908,114.41478,SPAN SUTT 150kV STBDO-BWNGI #0228
39,,,-8.05795,114.414825,SPAN SUTT 150kV STBDO-BWNGI #0227
40,,,-8.05515,114.41486,SPAN SUTT 150kV STBDO-BWNGI #0226
41,,,-8.0525,114.41491,SPAN SUTT 150kV STBDO-BWNGI #0225
42,,,-8.050025,114.41492,SPAN SUTT 150kV STBDO-BWNGI #0224
43,,,-8.047158,114.41494,SPAN SUTT 150kV STBDO-BWNGI #0223
44,,,-8.04455,114.41499,SPAN SUTT 150kV STBDO-BWNGI #0222
45,,,-8.042467,114.41502,SPAN SUTT 150kV STBDO-BWNGI #0221
46,,,-8.039742,114.41504,SPAN SUTT 150kV STBDO-BWNGI #0220
47,,,-8.036875,114.41508,SPAN SUTT 150kV STBDO-BWNGI #0219
48,,,-8.034058,114.414375,SPAN SUTT 150kV STBDO-BWNGI #0218
49,,,-8.031067,114.41299,SPAN SUTT 150kV STBDO-BWNGI #0217
50,,,-8.028242,114.411674,SPAN SUTT 150kV STBDO-BWNGI #0216
51,,,-8.02555,114.41044,SPAN SUTT 150kV STBDO-BWNGI #0215
52,,,-8.022983,114.40924,SPAN SUTT 150kV STBDO-BWNGI #0214
53,,,-8.0202,114.40795,SPAN SUTT 150kV STBDO-BWNGI #0213
54,,,-8.017258,114.40667,SPAN SUTT 150kV STBDO-BWNGI #0212
55,,,-8.01465,114.40555,SPAN SUTT 150kV STBDO-BWNGI #0211
56,,,-8.012308,114.40448,SPAN SUTT 150kV STBDO-BWNGI #0210
57,,,-8.010083,114.403465,SPAN SUTT 150kV STBDO-BWNGI #0209
58,,,-8.007858,114.40244,SPAN SUTT 150kV STBDO-BWNGI #0208
59,,,-8.0053,114.40123,SPAN SUTT 150kV STBDO-BWNGI #0207
60,,,-8.002517,114.39994,SPAN SUTT 150kV STBDO-BWNGI #0206
61,,,-8.000008,114.39878,SPAN SUTT 150kV STBDO-BWNGI #0205
62,,,-7.997742,114.39801,SPAN SUTT 150kV STBDO-BWNGI #0204
63,,,-7.995408,114.39748,SPAN SUTT 150kV STBDO-BWNGI #0203
64,,,-7.992717,114.39685,SPAN SUTT 150kV STBDO-BWNGI #0202
65,,,-7.989883,114.3962,SPAN SUTT 150kV STBDO-BWNGI #0201
66,,,-7.987358,114.39562,SPAN SUTT 150kV STBDO-BWNGI #0200
67,,,-7.984917,114.39506,SPAN SUTT 150kV STBDO-BWNGI #0199
68,,,-7.9825,114.394485,SPAN SUTT 150kV STBDO-BWNGI #0198
69,,,-7.980067,114.39393,SPAN SUTT 150kV STBDO-BWNGI #0197
70,,,-7.97755,114.39335,SPAN SUTT 150kV STBDO-BWNGI #0196
71,,,-7.975167,114.392784,SPAN SUTT 150kV STBDO-BWNGI #0195
72,,,-7.97275,114.39222,SPAN SUTT 150kV STBDO-BWNGI #0194
73,,,-7.969992,114.39159,SPAN SUTT 150kV STBDO-BWNGI #0193
74,,,-7.967092,114.390915,SPAN SUTT 150kV STBDO-BWNGI #0192
75,,,-7.964108,114.390205,SPAN SUTT 150kV STBDO-BWNGI #0191
76,,,-7.961008,114.3895,SPAN SUTT 150kV STBDO-BWNGI #0190
77,,,-7.958017,114.38882,SPAN SUTT 150kV STBDO-BWNGI #0189
78,,,-7.955175,114.388145,SPAN SUTT 150kV STBDO-BWNGI #0188
79,,,-7.952333,114.38749,SPAN SUTT 150kV STBDO-BWNGI #0187
80,,,-7.949442,114.38683,SPAN SUTT 150kV STBDO-BWNGI #0186
81,,,-7.9464,114.38612,SPAN SUTT 150kV STBDO-BWNGI #0185
82,,,-7.943575,114.38546,SPAN SUTT 150kV STBDO-BWNGI #0184
83,,,-7.940983,114.384865,SPAN SUTT 150kV STBDO-BWNGI #0183
84,,,-7.938283,114.38425,SPAN SUTT 150kV STBDO-BWNGI #0182
85,,,-7.935617,114.38362,SPAN SUTT 150kV STBDO-BWNGI #0181
86,,,-7.933133,114.38304,SPAN SUTT 150kV STBDO-BWNGI #0180
87,,,-7.93085,114.382515,SPAN SUTT 150kV STBDO-BWNGI #0179
88,,,-7.928,114.38187,SPAN SUTT 150kV STBDO-BWNGI #0178
89,,,-7.92505,114.38089,SPAN SUTT 150kV STBDO-BWNGI #0177
90,,,-7.922533,114.37977,SPAN SUTT 150kV STBDO-BWNGI #0176
91,,,-7.9197,114.37854,SPAN SUTT 150kV STBDO-BWNGI #0175
92,,,-7.91755,114.37758,SPAN SUTT 150kV STBDO-BWNGI #0174
93,,,-7.916025,114.37689,SPAN SUTT 150kV STBDO-BWNGI #0173
94,,,-7.914692,114.37545,SPAN SUTT 150kV STBDO-BWNGI #0172
95,,,-7.91365,114.37303,SPAN SUTT 150kV STBDO-BWNGI #0171
96,,,-7.912417,114.37034,SPAN SUTT 150kV STBDO-BWNGI #0170
97,,,-7.911233,114.36776,SPAN SUTT 150kV STBDO-BWNGI #0169
98,,,-7.910083,114.365135,SPAN SUTT 150kV STBDO-BWNGI #0168
99,,,-7.908908,114.36254,SPAN SUTT 150kV STBDO-BWNGI #0167
100,,,-7.907792,114.36002,SPAN SUTT 150kV STBDO-BWNGI #0166
101,,,-7.906717,114.35751,SPAN SUTT 150kV STBDO-BWNGI #0165
102,,,-7.905625,114.35504,SPAN SUTT 150kV STBDO-BWNGI #0164
103,,,-7.904442,114.35237,SPAN SUTT 150kV STBDO-BWNGI #0163
104,,,-7.903242,114.34968,SPAN SUTT 150kV STBDO-BWNGI #0162
105,,,-7.902133,114.347115,SPAN SUTT 150kV STBDO-BWNGI #0161
106,,,-7.901092,114.34478,SPAN SUTT 150kV STBDO-BWNGI #0160
107,,,-7.900083,114.34267,SPAN SUTT 150kV STBDO-BWNGI #0159
108,,,-7.899,114.3403,SPAN SUTT 150kV STBDO-BWNGI #0158
109,,,-7.897867,114.33777,SPAN SUTT 150kV STBDO-BWNGI #0157
110,,,-7.896117,114.335785,SPAN SUTT 150kV STBDO-BWNGI #0156
111,,,-7.893842,114.334236,SPAN SUTT 150kV STBDO-BWNGI #0155
112,,,-7.891567,114.332664,SPAN SUTT 150kV STBDO-BWNGI #0154
113,,,-7.889233,114.331116,SPAN SUTT 150kV STBDO-BWNGI #0153
114,,,-7.886958,114.32956,SPAN SUTT 150kV STBDO-BWNGI #0152
115,,,-7.884633,114.32797,SPAN SUTT 150kV STBDO-BWNGI #0151
116,,,-7.882475,114.32652,SPAN SUTT 150kV STBDO-BWNGI #0150
117,,,-7.880158,114.324974,SPAN SUTT 150kV STBDO-BWNGI #0149
118,,,-7.877715,114.32338,SPAN SUTT 150kV STBDO-BWNGI #0148
119,,,-7.875199,114.322556,SPAN SUTT 150kV STBDO-BWNGI #0147
120,,,-7.872342,114.32234,SPAN SUTT 150kV STBDO-BWNGI #0146
121,,,-7.869536,114.322105,SPAN SUTT 150kV STBDO-BWNGI #0145
122,,,-7.866753,114.32191,SPAN SUTT 150kV STBDO-BWNGI #0144
123,,,-7.863942,114.32173,SPAN SUTT 150kV STBDO-BWNGI #0143
124,,,-7.861236,114.32149,SPAN SUTT 150kV STBDO-BWNGI #0142
125,,,-7.858527,114.32128,SPAN SUTT 150kV STBDO-BWNGI #0141
126,,,-7.855808,114.32109,SPAN SUTT 150kV STBDO-BWNGI #0140
127,,,-7.853158,114.320854,SPAN SUTT 150kV STBDO-BWNGI #0139
128,,,-7.850742,114.32064,SPAN SUTT 150kV STBDO-BWNGI #0138
129,,,-7.848242,114.32046,SPAN SUTT 150kV STBDO-BWNGI #0137
130,,,-7.845433,114.320244,SPAN SUTT 150kV STBDO-BWNGI #0136
131,,,-7.842633,114.32002,SPAN SUTT 150kV STBDO-BWNGI #0135
132,,,-7.839858,114.31981,SPAN SUTT 150kV STBDO-BWNGI #0134
133,,,-7.837017,114.31961,SPAN SUTT 150kV STBDO-BWNGI #0133
134,,,-7.834283,114.319405,SPAN SUTT 150kV STBDO-BWNGI #0132
135,,,-7.831733,114.31919,SPAN SUTT 150kV STBDO-BWNGI #0131
136,,,-7.829142,114.31901,SPAN SUTT 150kV STBDO-BWNGI #0130
137,,,-7.826317,114.31882,SPAN SUTT 150kV STBDO-BWNGI #0129
138,,,-7.8234,114.31863,SPAN SUTT 150kV STBDO-BWNGI #0128
139,,,-7.820783,114.31842,SPAN SUTT 150kV STBDO-BWNGI #0127
140,,,-7.818133,114.3182,SPAN SUTT 150kV STBDO-BWNGI #0126
141,,,-7.815467,114.31801,SPAN SUTT 150kV STBDO-BWNGI #0125
142,,,-7.812805,114.31776,SPAN SUTT 150kV STBDO-BWNGI #0124
143,,,-7.809975,114.317505,SPAN SUTT 150kV STBDO-BWNGI #0123
144,,,-7.807112,114.31735,SPAN SUTT 150kV STBDO-BWNGI #0122
145,,,-7.804264,114.31712,SPAN SUTT 150kV STBDO-BWNGI #0121
146,,,-7.801471,114.31685,SPAN SUTT 150kV STBDO-BWNGI #0120
147,,,-7.798699,114.31667,SPAN SUTT 150kV STBDO-BWNGI #0119
148,,,-7.795829,114.31647,SPAN SUTT 150kV STBDO-BWNGI #0118
149,,,-7.792943,114.31622,SPAN SUTT 150kV STBDO-BWNGI #0117
150,,,-7.790136,114.316025,SPAN SUTT 150kV STBDO-BWNGI #0116
151,,,-7.787398,114.31582,SPAN SUTT 150kV STBDO-BWNGI #0115
152,,,-7.784626,114.31559,SPAN SUTT 150kV STBDO-BWNGI #0114
153,,,-7.781441,114.31536,SPAN SUTT 150kV STBDO-BWNGI #0113
154,,,-7.77865,114.315186,SPAN SUTT 150kV STBDO-BWNGI #0112
155,,,-7.776491,114.3142,SPAN SUTT 150kV STBDO-BWNGI #0111
156,,,-7.774245,114.31237,SPAN SUTT 150kV STBDO-BWNGI #0110
157,,,-7.772753,114.309875,SPAN SUTT 150kV STBDO-BWNGI #0109
158,,,-7.772106,114.30711,SPAN SUTT 150kV STBDO-BWNGI #0108
159,,,-7.771492,114.30439,SPAN SUTT 150kV STBDO-BWNGI #0107
160,,,-7.771402,114.30149,SPAN SUTT 150kV STBDO-BWNGI #0106
161,,,-7.771883,114.29874,SPAN SUTT 150kV STBDO-BWNGI #0105
162,,,-7.772351,114.29593,SPAN SUTT 150kV STBDO-BWNGI #0104
163,,,-7.772804,114.29319,SPAN SUTT 150kV STBDO-BWNGI #0103
164,,,-7.773276,114.29033,SPAN SUTT 150kV STBDO-BWNGI #0102
165,,,-7.773712,114.287544,SPAN SUTT 150kV STBDO-BWNGI #0101
166,,,-7.774147,114.28488,SPAN SUTT 150kV STBDO-BWNGI #0100
167,,,-7.774628,114.282074,SPAN SUTT 150kV STBDO-BWNGI #0099
168,,,-7.775102,114.279274,SPAN SUTT 150kV STBDO-BWNGI #0098
169,,,-7.775575,114.276474,SPAN SUTT 150kV STBDO-BWNGI #0097
170,,,-7.775997,114.273674,SPAN SUTT 150kV STBDO-BWNGI #0096
171,,,-7.776048,114.27084,SPAN SUTT 150kV STBDO-BWNGI #0095
172,,,-7.775777,114.26794,SPAN SUTT 150kV STBDO-BWNGI #0094
173,,,-7.775478,114.26497,SPAN SUTT 150kV STBDO-BWNGI #0093
174,,,-7.775176,114.26205,SPAN SUTT 150kV STBDO-BWNGI #0092
175,,,-7.774875,114.259,SPAN SUTT 150kV STBDO-BWNGI #0091
176,,,-7.774583,114.25602,SPAN SUTT 150kV STBDO-BWNGI #0090
177,,,-7.7743,114.253174,SPAN SUTT 150kV STBDO-BWNGI #0089
178,,,-7.774017,114.250175,SPAN SUTT 150kV STBDO-BWNGI #0088
179,,,-7.773749,114.247154,SPAN SUTT 150kV STBDO-BWNGI #0087
180,,,-7.773484,114.24417,SPAN SUTT 150kV STBDO-BWNGI #0086
181,,,-7.773219,114.24124,SPAN SUTT 150kV STBDO-BWNGI #0085
182,,,-7.772975,114.238235,SPAN SUTT 150kV STBDO-BWNGI #0084
183,,,-7.772713,114.23524,SPAN SUTT 150kV STBDO-BWNGI #0083
184,,,-7.771747,114.23241,SPAN SUTT 150kV STBDO-BWNGI #0082
185,,,-7.770167,114.22977,SPAN SUTT 150kV STBDO-BWNGI #0081
186,,,-7.768633,114.22718,SPAN SUTT 150kV STBDO-BWNGI #0080
187,,,-7.76708,114.22454,SPAN SUTT 150kV STBDO-BWNGI #0079
188,,,-7.765482,114.22187,SPAN SUTT 150kV STBDO-BWNGI #0078
189,,,-7.76436,114.21924,SPAN SUTT 150kV STBDO-BWNGI #0077
190,,,-7.763683,114.21649,SPAN SUTT 150kV STBDO-BWNGI #0076
191,,,-7.762958,114.21367,SPAN SUTT 150kV STBDO-BWNGI #0075
192,,,-7.762233,114.21083,SPAN SUTT 150kV STBDO-BWNGI #0074
193,,,-7.7615,114.207924,SPAN SUTT 150kV STBDO-BWNGI #0073
194,,,-7.7608,114.2051,SPAN SUTT 150kV STBDO-BWNGI #0072
195,,,-7.760175,114.2026,SPAN SUTT 150kV STBDO-BWNGI #0071
196,,,-7.759492,114.2,SPAN SUTT 150kV STBDO-BWNGI #0070
197,,,-7.758758,114.197105,SPAN SUTT 150kV STBDO-BWNGI #0069
198,,,-7.758042,114.19425,SPAN SUTT 150kV STBDO-BWNGI #0068
199,,,-7.757317,114.19135,SPAN SUTT 150kV STBDO-BWNGI #0067
200,,,-7.756667,114.18879,SPAN SUTT 150kV STBDO-BWNGI #0066
201,,,-7.755967,114.18623,SPAN SUTT 150kV STBDO-BWNGI #0065
202,,,-7.755242,114.18328,SPAN SUTT 150kV STBDO-BWNGI #0064
203,,,-7.754533,114.18028,SPAN SUTT 150kV STBDO-BWNGI #0063
204,,,-7.753808,114.17739,SPAN SUTT 150kV STBDO-BWNGI #0062
205,,,-7.7531,114.174576,SPAN SUTT 150kV STBDO-BWNGI #0061
206,,,-7.752383,114.17172,SPAN SUTT 150kV STBDO-BWNGI #0060
207,,,-7.751692,114.169,SPAN SUTT 150kV STBDO-BWNGI #0059
208,,,-7.751058,114.16646,SPAN SUTT 150kV STBDO-BWNGI #0058
209,,,-7.750442,114.16399,SPAN SUTT 150kV STBDO-BWNGI #0057
210,,,-7.749783,114.16131,SPAN SUTT 150kV STBDO-BWNGI #0056
211,,,-7.749042,114.15834,SPAN SUTT 150kV STBDO-BWNGI #0055
212,,,-7.747983,114.155594,SPAN SUTT 150kV STBDO-BWNGI #0054
213,,,-7.74665,114.15316,SPAN SUTT 150kV STBDO-BWNGI #0053
214,,,-7.745308,114.150696,SPAN SUTT 150kV STBDO-BWNGI #0052
215,,,-7.743958,114.148186,SPAN SUTT 150kV STBDO-BWNGI #0051
216,,,-7.742608,114.145676,SPAN SUTT 150kV STBDO-BWNGI #0050
217,,,-7.741258,114.143135,SPAN SUTT 150kV STBDO-BWNGI #0049
218,,,-7.739883,114.14057,SPAN SUTT 150kV STBDO-BWNGI #0048
219,,,-7.738542,114.13809,SPAN SUTT 150kV STBDO-BWNGI #0047
220,,,-7.7372,114.13559,SPAN SUTT 150kV STBDO-BWNGI #0046
221,,,-7.735792,114.13296,SPAN SUTT 150kV STBDO-BWNGI #0045
222,,,-7.734325,114.130226,SPAN SUTT 150kV STBDO-BWNGI #0044
223,,,-7.732858,114.12751,SPAN SUTT 150kV STBDO-BWNGI #0043
224,,,-7.731442,114.12483,SPAN SUTT 150kV STBDO-BWNGI #0042
225,,,-7.73,114.122116,SPAN SUTT 150kV STBDO-BWNGI #0041
226,,,-7.728525,114.119385,SPAN SUTT 150kV STBDO-BWNGI #0040
227,,,-7.72705,114.11663,SPAN SUTT 150kV STBDO-BWNGI #0039
228,,,-7.725667,114.11401,SPAN SUTT 150kV STBDO-BWNGI #0038
229,,,-7.724417,114.111664,SPAN SUTT 150kV STBDO-BWNGI #0037
230,,,-7.7232,114.10944,SPAN SUTT 150kV STBDO-BWNGI #0036
231,,,-7.7226,114.107285,SPAN SUTT 150kV STBDO-BWNGI #0035
232,,,-7.722592,114.1048,SPAN SUTT 150kV STBDO-BWNGI #0034
233,,,-7.722583,114.102036,SPAN SUTT 150kV STBDO-BWNGI #0033
234,,,-7.722583,114.09948,SPAN SUTT 150kV STBDO-BWNGI #0032
235,,,-7.722575,114.09725,SPAN SUTT 150kV STBDO-BWNGI #0031
236,,,-7.722558,114.09473,SPAN SUTT 150kV STBDO-BWNGI #0030
237,,,-7.722542,114.091644,SPAN SUTT 150kV STBDO-BWNGI #0029
238,,,-7.722525,114.08865,SPAN SUTT 150kV STBDO-BWNGI #0028
239,,,-7.722508,114.08591,SPAN SUTT 150kV STBDO-BWNGI #0027
240,,,-7.722492,114.08326,SPAN SUTT 150kV STBDO-BWNGI #0026
241,,,-7.722458,114.08046,SPAN SUTT 150kV STBDO-BWNGI #0025
242,,,-7.722452,114.07792,SPAN SUTT 150kV STBDO-BWNGI #0024
243,,,-7.722461,114.075485,SPAN SUTT 150kV STBDO-BWNGI #0023
244,,,-7.72245,114.07254,SPAN SUTT 150kV STBDO-BWNGI #0022
245,,,-7.722442,114.06946,SPAN SUTT 150kV STBDO-BWNGI #0021
246,,,-7.722425,114.06694,SPAN SUTT 150kV STBDO-BWNGI #0020
247,,,-7.721894,114.06469,SPAN SUTT 150kV STBDO-BWNGI #0019
248,,,-7.720827,114.06206,SPAN SUTT 150kV STBDO-BWNGI #0018
249,,,-7.71979,114.05946,SPAN SUTT 150kV STBDO-BWNGI #0017
250,,,-7.718955,114.05737,SPAN SUTT 150kV STBDO-BWNGI #0016
251,,,-7.718182,114.05544,SPAN SUTT 150kV STBDO-BWNGI #0015
252,,,-7.716983,114.05246,SPAN SUTT 150kV STBDO-BWNGI #0014
253,,,-7.71575,114.04943,SPAN SUTT 150kV STBDO-BWNGI #0013
254,,,-7.714858,114.04728,SPAN SUTT 150kV STBDO-BWNGI #0012
255,,,-7.713975,114.04512,SPAN SUTT 150kV STBDO-BWNGI #0011
256,,,-7.71295,114.042595,SPAN SUTT 150kV STBDO-BWNGI #0010
257,,,-7.711875,114.03997,SPAN SUTT 150kV STBDO-BWNGI #0009
258,,,-7.711358,114.037056,SPAN SUTT 150kV STBDO-BWNGI #0008
259,,,-7.711358,114.033905,SPAN SUTT 150kV STBDO-BWNGI #0007
260,,,-7.711367,114.03072,SPAN SUTT 150kV STBDO-BWNGI #0006
261,,,-7.711384,114.0278,SPAN SUTT 150kV STBDO-BWNGI #0005
262,,,-7.712343,114.02515,SPAN SUTT 150kV STBDO-BWNGI #0004
263,,,-7.713859,114.02294,SPAN SUTT 150kV STBDO-BWNGI #0003
264,,,-7.71542,114.020706,SPAN SUTT 150kV STBDO-BWNGI #0002
265,,,-7.716746,114.01863,SPAN SUTT 150kV STBDO-BWNGI #0001
266,280,2,-8.184367,114.353905,"SPAN SUTT 150kV STB-BWI/GLNK3,4 #280/2"
267,279,3,-8.181342,114.35268,"SPAN SUTT 150kV STB-BWI/GLNK3,4 #279/3"
268,278,4,-8.178167,114.35138,"SPAN SUTT 150kV STB-BWI/GLNK3,4 #278/4"
269,277,5,-8.17545,114.351166,"SPAN SUTT 150kV STB-BWI/GLNK3,4 #277/5"
270,276,6,-8.172975,114.35195,"SPAN SUTT 150kV STB-BWI/GLNK3,4 #276/6"
271,275,7,-8.170467,114.35273,"SPAN SUTT 150kV STB-BWI/GLNK3,4 #275/7"
272,274,8,-8.168008,114.35349,"SPAN SUTT 150kV STB-BWI/GLNK3,4 #274/8"
273,273,9,-8.165642,114.354225,"SPAN SUTT 150kV STB-BWI/GLNK3,4 #273/9"
274,272,10,-8.163625,114.35605,"SPAN SUTT 150kV STB-BWI/GLNK3,4 #272/10"
275,271,11,-8.161992,114.35881,"SPAN SUTT 150kV STB-BWI/GLNK3,4 #271/11"
276,270,12,-8.160475,114.36135,"SPAN SUTT 150kV STB-BWI/GLNK3,4 #270/12"
277,269,13,-8.1591,114.36368,"SPAN SUTT 150kV STB-BWI/GLNK3,4 #269/13"
278,268,14,-8.157867,114.365776,"SPAN SUTT 150kV STB-BWI/GLNK3,4 #268/14"
279,267,15,-8.15655,114.36801,"SPAN SUTT 150kV STB-BWI/GLNK3,4 #267/15"
280,266,16,-8.155183,114.370316,"SPAN SUTT 150kV STB-BWI/GLNK3,4 #266/16"
281,265,17,-8.153933,114.372406,"SPAN SUTT 150kV STB-BWI/GLNK3,4 #265/17"
282,264,18,-8.15305,114.374825,"SPAN SUTT 150kV STB-BWI/GLNK3,4 #264/18"
