tower_id,lat,lng,asset_name
1,-7.716406,114.01926,TOWER SUTT 150kV STBDO-BWNGI #0001
2,-7.714434,114.022156,TOWER SUTT 150kV STBDO-BWNGI #0002
3,-7.713285,114.02373,TOWER SUTT 150kV STBDO-BWNGI #0003
4,-7.711402,114.02657,TOWER SUTT 150kV STBDO-BWNGI #0004
5,-7.711367,114.02903,TOWER SUTT 150kV STBDO-BWNGI #0005
6,-7.711367,114.03242,TOWER SUTT 150kV STBDO-BWNGI #0006
7,-7.71135,114.0354,TOWER SUTT 150kV STBDO-BWNGI #0007
8,-7.711367,114.03872,TOWER SUTT 150kV STBDO-BWNGI #0008
9,-7.712383,114.041214,TOWER SUTT 150kV STBDO-BWNGI #0009
10,-7.713517,114.04397,TOWER SUTT 150kV STBDO-BWNGI #0010
11,-7.714433,114.046265,TOWER SUTT 150kV STBDO-BWNGI #0011
12,-7.715283,114.0483,TOWER SUTT 150kV STBDO-BWNGI #0012
13,-7.716217,114.05057,TOWER SUTT 150kV STBDO-BWNGI #0013
14,-7.71775,114.05435,TOWER SUTT 150kV STBDO-BWNGI #0014
15,-7.718614,114.056526,TOWER SUTT 150kV STBDO-BWNGI #0015
16,-7.719297,114.05823,TOWER SUTT 150kV STBDO-BWNGI #0016
17,-7.720283,114.0607,TOWER SUTT 150kV STBDO-BWNGI #0017
18,-7.721371,114.06342,TOWER SUTT 150kV STBDO-BWNGI #0018
19,-7.722417,114.06595,TOWER SUTT 150kV STBDO-BWNGI #0019
20,-7.722433,114.06793,TOWER SUTT 150kV STBDO-BWNGI #0020
21,-7.72245,114.070984,TOWER SUTT 150kV STBDO-BWNGI #0021
22,-7.72245,114.0741,TOWER SUTT 150kV STBDO-BWNGI #0022
23,-7.722472,114.07687,TOWER SUTT 150kV STBDO-BWNGI #0023
24,-7.722432,114.078964,TOWER SUTT 150kV STBDO-BWNGI #0024
25,-7.722483,114.08195,TOWER SUTT 150kV STBDO-BWNGI #0025
26,-7.7225,114.084564,TOWER SUTT 150kV STBDO-BWNGI #0026
27,-7.722517,114.08725,TOWER SUTT 150kV STBDO-BWNGI #0027
28,-7.722533,114.09005,TOWER SUTT 150kV STBDO-BWNGI #0028
29,-7.72255,114.09323,TOWER SUTT 150kV STBDO-BWNGI #0029
30,-7.722567,114.096214,TOWER SUTT 150kV STBDO-BWNGI #0030
31,-7.722583,114.09828,TOWER SUTT 150kV STBDO-BWNGI #0031
32,-7.722583,114.100685,TOWER SUTT 150kV STBDO-BWNGI #0032
33,-7.722583,114.103386,TOWER SUTT 150kV STBDO-BWNGI #0033
34,-7.7226,114.10622,TOWER SUTT 150kV STBDO-BWNGI #0034
35,-7.7226,114.10835,TOWER SUTT 150kV STBDO-BWNGI #0035
36,-7.7238,114.110535,TOWER SUTT 150kV STBDO-BWNGI #0036
37,-7.725033,114.1128,TOWER SUTT 150kV STBDO-BWNGI #0037
38,-7.7263,114.115234,TOWER SUTT 150kV STBDO-BWNGI #0038
39,-7.7278,114.118034,TOWER SUTT 150kV STBDO-BWNGI #0039
40,-7.72925,114.120735,TOWER SUTT 150kV STBDO-BWNGI #0040
41,-7.73075,114.1235,TOWER SUTT 150kV STBDO-BWNGI #0041
42,-7.732133,114.12617,TOWER SUTT 150kV STBDO-BWNGI #0042
43,-7.733583,114.12885,TOWER SUTT 150kV STBDO-BWNGI #0043
44,-7.735067,114.1316,TOWER SUTT 150kV STBDO-BWNGI #0044
45,-7.736517,114.134315,TOWER SUTT 150kV STBDO-BWNGI #0045
46,-7.737883,114.13686,TOWER SUTT 150kV STBDO-BWNGI #0046
47,-7.7392,114.13932,TOWER SUTT 150kV STBDO-BWNGI #0047
48,-7.740567,114.14183,TOWER SUTT 150kV STBDO-BWNGI #0048
49,-7.74195,114.14443,TOWER SUTT 150kV STBDO-BWNGI #0049
50,-7.743267,114.14692,TOWER SUTT 150kV STBDO-BWNGI #0050
51,-7.74465,114.14945,TOWER SUTT 150kV STBDO-BWNGI #0051
52,-7.745967,114.15193,TOWER SUTT 150kV STBDO-BWNGI #0052
53,-7.747333,114.15438,TOWER SUTT 150kV STBDO-BWNGI #0053
54,-7.748633,114.1568,TOWER SUTT 150kV STBDO-BWNGI #0054
55,-7.74945,114.15988,TOWER SUTT 150kV STBDO-BWNGI #0055
56,-7.750117,114.162735,TOWER SUTT 150kV STBDO-BWNGI #0056
57,-7.750767,114.16523,TOWER SUTT 150kV STBDO-BWNGI #0057
58,-7.75135,114.16769,TOWER SUTT 150kV STBDO-BWNGI #0058
59,-7.752033,114.17032,TOWER SUTT 150kV STBDO-BWNGI #0059
60,-7.752733,114.173134,TOWER SUTT 150kV STBDO-BWNGI #0060
61,-7.753467,114.17602,TOWER SUTT 150kV STBDO-BWNGI #0061
62,-7.75415,114.178764,TOWER SUTT 150kV STBDO-BWNGI #0062
63,-7.754917,114.1818,TOWER SUTT 150kV STBDO-BWNGI #0063
64,-7.755567,114.18477,TOWER SUTT 150kV STBDO-BWNGI #0064
65,-7.756367,114.1877,TOWER SUTT 150kV STBDO-BWNGI #0065
66,-7.756967,114.18988,TOWER SUTT 150kV STBDO-BWNGI #0066
67,-7.757667,114.19282,TOWER SUTT 150kV STBDO-BWNGI #0067
68,-7.758417,114.19569,TOWER SUTT 150kV STBDO-BWNGI #0068
69,-7.7591,114.19853,TOWER SUTT 150kV STBDO-BWNGI #0069
70,-7.759883,114.20147,TOWER SUTT 150kV STBDO-BWNGI #0070
71,-7.760467,114.203735,TOWER SUTT 150kV STBDO-BWNGI #0071
72,-7.761133,114.20647,TOWER SUTT 150kV STBDO-BWNGI #0072
73,-7.761867,114.20938,TOWER SUTT 150kV STBDO-BWNGI #0073
74,-7.7626,114.21228,TOWER SUTT 150kV STBDO-BWNGI #0074
75,-7.763317,114.21505,TOWER SUTT 150kV STBDO-BWNGI #0075
76,-7.76405,114.21793,TOWER SUTT 150kV STBDO-BWNGI #0076
77,-7.76467,114.22054,TOWER SUTT 150kV STBDO-BWNGI #0077
78,-7.766294,114.22319,TOWER SUTT 150kV STBDO-BWNGI #0078
79,-7.767867,114.22588,TOWER SUTT 150kV STBDO-BWNGI #0079
80,-7.769399,114.22848,TOWER SUTT 150kV STBDO-BWNGI #0080
81,-7.770934,114.23106,TOWER SUTT 150kV STBDO-BWNGI #0081
82,-7.77256,114.233765,TOWER SUTT 150kV STBDO-BWNGI #0082
83,-7.772866,114.23671,TOWER SUTT 150kV STBDO-BWNGI #0083
84,-7.773083,114.23977,TOWER SUTT 150kV STBDO-BWNGI #0084
85,-7.773355,114.242714,TOWER SUTT 150kV STBDO-BWNGI #0085
86,-7.773614,114.245636,TOWER SUTT 150kV STBDO-BWNGI #0086
87,-7.773883,114.248665,TOWER SUTT 150kV STBDO-BWNGI #0087
88,-7.77415,114.251686,TOWER SUTT 150kV STBDO-BWNGI #0088
89,-7.77445,114.25467,TOWER SUTT 150kV STBDO-BWNGI #0089
90,-7.774717,114.25737,TOWER SUTT 150kV STBDO-BWNGI #0090
91,-7.775033,114.260635,TOWER SUTT 150kV STBDO-BWNGI #0091
92,-7.775319,114.26346,TOWER SUTT 150kV STBDO-BWNGI #0092
93,-7.775636,114.26648,TOWER SUTT 150kV STBDO-BWNGI #0093
94,-7.775919,114.2694,TOWER SUTT 150kV STBDO-BWNGI #0094
95,-7.776177,114.272285,TOWER SUTT 150kV STBDO-BWNGI #0095
96,-7.775818,114.27507,TOWER SUTT 150kV STBDO-BWNGI #0096
97,-7.775332,114.27788,TOWER SUTT 150kV STBDO-BWNGI #0097
98,-7.774872,114.28066,TOWER SUTT 150kV STBDO-BWNGI #0098
99,-7.774383,114.28348,TOWER SUTT 150kV STBDO-BWNGI #0099
100,-7.773911,114.286285,TOWER SUTT 150kV STBDO-BWNGI #0100
101,-7.773513,114.28881,TOWER SUTT 150kV STBDO-BWNGI #0101
102,-7.773038,114.29185,TOWER SUTT 150kV STBDO-BWNGI #0102
103,-7.772569,114.294525,TOWER SUTT 150kV STBDO-BWNGI #0103
104,-7.772133,114.29733,TOWER SUTT 150kV STBDO-BWNGI #0104
105,-7.771633,114.30013,TOWER SUTT 150kV STBDO-BWNGI #0105
106,-7.771171,114.30285,TOWER SUTT 150kV STBDO-BWNGI #0106
107,-7.771812,114.30593,TOWER SUTT 150kV STBDO-BWNGI #0107
108,-7.772399,114.308304,TOWER SUTT 150kV STBDO-BWNGI #0108
109,-7.773107,114.31145,TOWER SUTT 150kV STBDO-BWNGI #0109
110,-7.775382,114.313286,TOWER SUTT 150kV STBDO-BWNGI #0110
111,-7.777599,114.31512,TOWER SUTT 150kV STBDO-BWNGI #0111
112,-7.779701,114.31525,TOWER SUTT 150kV STBDO-BWNGI #0112
113,-7.783182,114.315475,TOWER SUTT 150kV STBDO-BWNGI #0113
114,-7.786071,114.315704,TOWER SUTT 150kV STBDO-BWNGI #0114
115,-7.788726,114.315926,TOWER SUTT 150kV STBDO-BWNGI #0115
116,-7.791546,114.31612,TOWER SUTT 150kV STBDO-BWNGI #0116
117,-7.794341,114.31633,TOWER SUTT 150kV STBDO-BWNGI #0117
118,-7.797317,114.3166,TOWER SUTT 150kV STBDO-BWNGI #0118
119,-7.800081,114.31674,TOWER SUTT 150kV STBDO-BWNGI #0119
120,-7.802861,114.316956,TOWER SUTT 150kV STBDO-BWNGI #0120
121,-7.805667,114.3173,TOWER SUTT 150kV STBDO-BWNGI #0121
122,-7.808557,114.31741,TOWER SUTT 150kV STBDO-BWNGI #0122
123,-7.811393,114.31759,TOWER SUTT 150kV STBDO-BWNGI #0123
124,-7.814217,114.31792,TOWER SUTT 150kV STBDO-BWNGI #0124
125,-7.816717,114.3181,TOWER SUTT 150kV STBDO-BWNGI #0125
126,-7.81955,114.3183,TOWER SUTT 150kV STBDO-BWNGI #0126
127,-7.822017,114.318535,TOWER SUTT 150kV STBDO-BWNGI #0127
128,-7.824783,114.31872,TOWER SUTT 150kV STBDO-BWNGI #0128
129,-7.82785,114.31892,TOWER SUTT 150kV STBDO-BWNGI #0129
130,-7.830433,114.3191,TOWER SUTT 150kV STBDO-BWNGI #0130
131,-7.833033,114.31928,TOWER SUTT 150kV STBDO-BWNGI #0131
132,-7.835533,114.319534,TOWER SUTT 150kV STBDO-BWNGI #0132
133,-7.8385,114.31968,TOWER SUTT 150kV STBDO-BWNGI #0133
134,-7.841217,114.31993,TOWER SUTT 150kV STBDO-BWNGI #0134
135,-7.84405,114.320114,TOWER SUTT 150kV STBDO-BWNGI #0135
136,-7.846817,114.320366,TOWER SUTT 150kV STBDO-BWNGI #0136
137,-7.849667,114.32055,TOWER SUTT 150kV STBDO-BWNGI #0137
138,-7.851817,114.32073,TOWER SUTT 150kV STBDO-BWNGI #0138
139,-7.8545,114.320984,TOWER SUTT 150kV STBDO-BWNGI #0139
140,-7.857117,114.3212,TOWER SUTT 150kV STBDO-BWNGI #0140
141,-7.859938,114.32136,TOWER SUTT 150kV STBDO-BWNGI #0141
142,-7.862533,114.32162,TOWER SUTT 150kV STBDO-BWNGI #0142
143,-7.86535,114.32185,TOWER SUTT 150kV STBDO-BWNGI #0143
144,-7.868156,114.32197,TOWER SUTT 150kV STBDO-BWNGI #0144
145,-7.870917,114.32225,TOWER SUTT 150kV STBDO-BWNGI #0145
146,-7.873767,114.32243,TOWER SUTT 150kV STBDO-BWNGI #0146
147,-7.87663,114.32267,TOWER SUTT 150kV STBDO-BWNGI #0147
148,-7.8788,114.32408,TOWER SUTT 150kV STBDO-BWNGI #0148
149,-7.881517,114.32587,TOWER SUTT 150kV STBDO-BWNGI #0149
150,-7.883433,114.32719,TOWER SUTT 150kV STBDO-BWNGI #0150
151,-7.885833,114.328766,TOWER SUTT 150kV STBDO-BWNGI #0151
152,-7.888083,114.33035,TOWER SUTT 150kV STBDO-BWNGI #0152
153,-7.890383,114.33189,TOWER SUTT 150kV STBDO-BWNGI #0153
154,-7.89275,114.33345,TOWER SUTT 150kV STBDO-BWNGI #0154
155,-7.894933,114.335014,TOWER SUTT 150kV STBDO-BWNGI #0155
156,-7.8973,114.33655,TOWER SUTT 150kV STBDO-BWNGI #0156
157,-7.898433,114.33898,TOWER SUTT 150kV STBDO-BWNGI #0157
158,-7.899567,114.34161,TOWER SUTT 150kV STBDO-BWNGI #0158
159,-7.9006,114.34372,TOWER SUTT 150kV STBDO-BWNGI #0159
160,-7.901583,114.34585,TOWER SUTT 150kV STBDO-BWNGI #0160
161,-7.902683,114.34838,TOWER SUTT 150kV STBDO-BWNGI #0161
162,-7.9038,114.35097,TOWER SUTT 150kV STBDO-BWNGI #0162
163,-7.905083,114.35378,TOWER SUTT 150kV STBDO-BWNGI #0163
164,-7.906167,114.3563,TOWER SUTT 150kV STBDO-BWNGI #0164
165,-7.907267,114.358734,TOWER SUTT 150kV STBDO-BWNGI #0165
166,-7.908317,114.36132,TOWER SUTT 150kV STBDO-BWNGI #0166
167,-7.9095,114.36377,TOWER SUTT 150kV STBDO-BWNGI #0167
168,-7.910667,114.3665,TOWER SUTT 150kV STBDO-BWNGI #0168
169,-7.9118,114.36902,TOWER SUTT 150kV STBDO-BWNGI #0169
170,-7.913033,114.371666,TOWER SUTT 150kV STBDO-BWNGI #0170
171,-7.914267,114.3744,TOWER SUTT 150kV STBDO-BWNGI #0171
172,-7.915117,114.3765,TOWER SUTT 150kV STBDO-BWNGI #0172
173,-7.916933,114.37728,TOWER SUTT 150kV STBDO-BWNGI #0173
174,-7.918167,114.37787,TOWER SUTT 150kV STBDO-BWNGI #0174
175,-7.921233,114.37922,TOWER SUTT 150kV STBDO-BWNGI #0175
176,-7.923833,114.38032,TOWER SUTT 150kV STBDO-BWNGI #0176
177,-7.926267,114.38147,TOWER SUTT 150kV STBDO-BWNGI #0177
178,-7.929733,114.38227,TOWER SUTT 150kV STBDO-BWNGI #0178
179,-7.931967,114.38277,TOWER SUTT 150kV STBDO-BWNGI #0179
180,-7.9343,114.383316,TOWER SUTT 150kV STBDO-BWNGI #0180
181,-7.936933,114.383934,TOWER SUTT 150kV STBDO-BWNGI #0181
182,-7.939633,114.38457,TOWER SUTT 150kV STBDO-BWNGI #0182
183,-7.942333,114.38517,TOWER SUTT 150kV STBDO-BWNGI #0183
184,-7.944817,114.38575,TOWER SUTT 150kV STBDO-BWNGI #0184
185,-7.947983,114.3865,TOWER SUTT 150kV STBDO-BWNGI #0185
186,-7.9509,114.38717,TOWER SUTT 150kV STBDO-BWNGI #0186
187,-7.953767,114.38782,TOWER SUTT 150kV STBDO-BWNGI #0187
188,-7.956583,114.388466,TOWER SUTT 150kV STBDO-BWNGI #0188
189,-7.95945,114.38917,TOWER SUTT 150kV STBDO-BWNGI #0189
190,-7.962567,114.38983,TOWER SUTT 150kV STBDO-BWNGI #0190
191,-7.96565,114.39058,TOWER SUTT 150kV STBDO-BWNGI #0191
192,-7.968533,114.39125,TOWER SUTT 150kV STBDO-BWNGI #0192
193,-7.97145,114.391914,TOWER SUTT 150kV STBDO-BWNGI #0193
194,-7.97405,114.39252,TOWER SUTT 150kV STBDO-BWNGI #0194
195,-7.976283,114.39305,TOWER SUTT 150kV STBDO-BWNGI #0195
196,-7.978817,114.39365,TOWER SUTT 150kV STBDO-BWNGI #0196
197,-7.981317,114.3942,TOWER SUTT 150kV STBDO-BWNGI #0197
198,-7.983683,114.39477,TOWER SUTT 150kV STBDO-BWNGI #0198
199,-7.98615,114.39535,TOWER SUTT 150kV STBDO-BWNGI #0199
200,-7.988567,114.3959,TOWER SUTT 150kV STBDO-BWNGI #0200
201,-7.9912,114.3965,TOWER SUTT 150kV STBDO-BWNGI #0201
202,-7.994233,114.3972,TOWER SUTT 150kV STBDO-BWNGI #0202
203,-7.996583,114.39775,TOWER SUTT 150kV STBDO-BWNGI #0203
204,-7.9989,114.39827,TOWER SUTT 150kV STBDO-BWNGI #0204
205,-8.001117,114.3993,TOWER SUTT 150kV STBDO-BWNGI #0205
206,-8.003917,114.40058,TOWER SUTT 150kV STBDO-BWNGI #0206
207,-8.006683,114.401886,TOWER SUTT 150kV STBDO-BWNGI #0207
208,-8.009033,114.403,TOWER SUTT 150kV STBDO-BWNGI #0208
209,-8.011133,114.40393,TOWER SUTT 150kV STBDO-BWNGI #0209
210,-8.013483,114.40503,TOWER SUTT 150kV STBDO-BWNGI #0210
211,-8.015817,114.40607,TOWER SUTT 150kV STBDO-BWNGI #0211
212,-8.0187,114.407265,TOWER SUTT 150kV STBDO-BWNGI #0212
213,-8.0217,114.40863,TOWER SUTT 150kV STBDO-BWNGI #0213
214,-8.024267,114.40985,TOWER SUTT 150kV STBDO-BWNGI #0214
215,-8.026833,114.41103,TOWER SUTT 150kV STBDO-BWNGI #0215
216,-8.02965,114.412315,TOWER SUTT 150kV STBDO-BWNGI #0216
217,-8.032483,114.41365,TOWER SUTT 150kV STBDO-BWNGI #0217
218,-8.035633,114.4151,TOWER SUTT 150kV STBDO-BWNGI #0218
219,-8.038117,114.41505,TOWER SUTT 150kV STBDO-BWNGI #0219
220,-8.041367,114.41503,TOWER SUTT 150kV STBDO-BWNGI #0220
221,-8.043567,114.415016,TOWER SUTT 150kV STBDO-BWNGI #0221
222,-8.045533,114.41497,TOWER SUTT 150kV STBDO-BWNGI #0222
223,-8.048783,114.41492,TOWER SUTT 150kV STBDO-BWNGI #0223
224,-8.051267,114.41492,TOWER SUTT 150kV STBDO-BWNGI #0224
225,-8.053733,114.4149,TOWER SUTT 150kV STBDO-BWNGI #0225
226,-8.056567,114.41483,TOWER SUTT 150kV STBDO-BWNGI #0226
227,-8.059333,114.41482,TOWER SUTT 150kV STBDO-BWNGI #0227
228,-8.062483,114.41475,TOWER SUTT 150kV STBDO-BWNGI #0228
229,-8.065417,114.41472,TOWER SUTT 150kV STBDO-BWNGI #0229
230,-8.067167,114.41423,TOWER SUTT 150kV STBDO-BWNGI #0230
231,-8.069917,114.41357,TOWER SUTT 150kV STBDO-BWNGI #0231
232,-8.073517,114.412636,TOWER SUTT 150kV STBDO-BWNGI #0232
233,-8.077333,114.41165,TOWER SUTT 150kV STBDO-BWNGI #0233
234,-8.080617,114.4108,TOWER SUTT 150kV STBDO-BWNGI #0234
235,-8.08425,114.4099,TOWER SUTT 150kV STBDO-BWNGI #0235
236,-8.08605,114.40942,TOWER SUTT 150kV STBDO-BWNGI #0236
237,-8.087683,114.40895,TOWER SUTT 150kV STBDO-BWNGI #0237
238,-8.09095,114.408066,TOWER SUTT 150kV STBDO-BWNGI #0238
239,-8.095783,114.40722,TOWER SUTT 150kV STBDO-BWNGI #0239
240,-8.101233,114.40587,TOWER SUTT 150kV STBDO-BWNGI #0240
241,-8.102317,114.40563,TOWER SUTT 150kV STBDO-BWNGI #0241
242,-8.104683,114.40497,TOWER SUTT 150kV STBDO-BWNGI #0242
243,-8.106833,114.40345,TOWER SUTT 150kV STBDO-BWNGI #0243
244,-8.110183,114.401,TOWER SUTT 150kV STBDO-BWNGI #0244
245,-8.1119,114.39982,TOWER SUTT 150kV STBDO-BWNGI #0245
246,-8.1142,114.39833,TOWER SUTT 150kV STBDO-BWNGI #0246
247,-8.115967,114.397385,TOWER SUTT 150kV STBDO-BWNGI #0247
248,-8.117867,114.3965,TOWER SUTT 150kV STBDO-BWNGI #0248
249,-8.11995,114.39547,TOWER SUTT 150kV STBDO-BWNGI #0249
250,-8.122733,114.394135,TOWER SUTT 150kV STBDO-BWNGI #0250
251,-8.1254,114.39363,TOWER SUTT 150kV STBDO-BWNGI #0251
252,-8.1286,114.3929,TOWER SUTT 150kV STBDO-BWNGI #0252
253,-8.13135,114.39238,TOWER SUTT 150kV STBDO-BWNGI #0253
254,-8.13425,114.39173,TOWER SUTT 150kV STBDO-BWNGI #0254
255,-8.137017,114.3907,TOWER SUTT 150kV STBDO-BWNGI #0255
256,-8.139483,114.38975,TOWER SUTT 150kV STBDO-BWNGI #0256
257,-8.1422,114.38875,TOWER SUTT 150kV STBDO-BWNGI #0257
258,-8.144983,114.38772,TOWER SUTT 150kV STBDO-BWNGI #0258
259,-8.147967,114.38662,TOWER SUTT 150kV STBDO-BWNGI #0259
260,-8.150867,114.38558,TOWER SUTT 150kV STBDO-BWNGI #0260
261,-8.1515,114.38245,TOWER SUTT 150kV STBDO-BWNGI #0261
262,-8.152167,114.37925,TOWER SUTT 150kV STBDO-BWNGI #0262
263,-8.152767,114.37625,TOWER SUTT 150kV STBDO-BWNGI #0263
264,-8.153333,114.3734,"TOWER SUTT 150kV STB-BWI/GLNK3,4 #264/18"
265,-8.154533,114.371414,"TOWER SUTT 150kV STB-BWI/GLNK3,4 #265/17"
266,-8.155833,114.36922,"TOWER SUTT 150kV STB-BWI/GLNK3,4 #266/16"
267,-8.157267,114.3668,"TOWER SUTT 150kV STB-BWI/GLNK3,4 #267/15"
268,-8.158467,114.36475,"TOWER SUTT 150kV STB-BWI/GLNK3,4 #268/14"
269,-8.159733,114.3626,"TOWER SUTT 150kV STB-BWI/GLNK3,4 #269/13"
270,-8.161217,114.3601,"TOWER SUTT 150kV STB-BWI/GLNK3,4 #270/12"
271,-8.162767,114.35751,"TOWER SUTT 150kV STB-BWI/GLNK3,4 #271/11"
272,-8.164483,114.35458,"TOWER SUTT 150kV STB-BWI/GLNK3,4 #272/10"
273,-8.1668,114.35387,"TOWER SUTT 150kV STB-BWI/GLNK3,4 #273/9"
274,-8.169217,114.35312,"TOWER SUTT 150kV STB-BWI/GLNK3,4 #274/8"
275,-8.171717,114.35235,"TOWER SUTT 150kV STB-BWI/GLNK3,4 #275/7"
276,-8.174233,114.35155,"TOWER SUTT 150kV STB-BWI/GLNK3,4 #276/6"
277,-8.176667,114.350784,"TOWER SUTT 150kV STB-BWI/GLNK3,4 #277/5"
278,-8.179667,114.35198,"TOWER SUTT 150kV STB-BWI/GLNK3,4 #278/4"
279,-8.183017,114.35337,"TOWER SUTT 150kV STB-BWI/GLNK3,4 #279/3"
280,-8.185717,114.35445,"TOWER SUTT 150kV STB-BWI/GLNK3,4 #280/2"
281,-8.188365,114.35488,TOWER SUTT 150kV STBDO-BWNGI #0281
